song_id,song_title,artist,popularity,energy,liveness,tempo,speechiness,acousticness,instrumentalness,time_signature,danceability,key,duration,loudness,valence,mode
spotify:track:01IQ4aQgOf0Kkq3a273hmO,Funky Friday,"[Dave, Fredo]",82,0.535,0.107,125.066,0.196,0.0783,0.0,4,0.975,1,182741,-7.227,0.671,1
spotify:track:2dpaYNEQHiRxtZbfNsse99,Happier,"[Marshmello, Bastille]",98,0.792,0.167,100.015,0.0452,0.191,0.0,4,0.687,5,214290,-2.749,0.671,1
spotify:track:0d2iYfpKoM0QCKvcLCkBao,Eastside (with Halsey & Khalid),"[benny blanco, Halsey, Khalid]",96,0.68,0.116,89.391,0.321,0.555,0.0,4,0.56,6,173800,-7.648,0.319,0
spotify:track:5N5k9nd479b1xpDZ4usjrg,Promises (with Sam Smith),"[Calvin Harris, Sam Smith, Jessie Reyez]",96,0.768,0.325,123.07,0.0394,0.0119,4.91e-06,4,0.781,11,213309,-5.991,0.486,1
spotify:track:4S8d14HvHb70ImctNgVzQQ,I Love It (& Lil Pump),"[Kanye West, Lil Pump]",96,0.522,0.259,104.053,0.33,0.0114,0.0,4,0.901,2,127947,-8.304,0.329,1
spotify:track:5N4erncE7kuUccm7zEmwzk,Electricity (with Dua Lipa),"[Silk City, Dua Lipa, Diplo, Mark Ronson]",92,0.67,0.338,118.159,0.0473,0.0104,3.33e-06,4,0.588,0,238173,-6.439,0.505,1
spotify:track:6xtcFXSo8H9BZN637BMVKS,Let You Love Me,[Rita Ora],91,0.854,0.0773,94.419,0.198,0.288,0.0,4,0.531,10,190000,-3.149,0.456,1
spotify:track:0E9ZjEAyAwOXZ7wJC0PD33,In My Mind,"[Dynoro, Gigi D'Agostino]",95,0.77,0.118,125.905,0.149,0.176,1.1e-05,4,0.694,6,184560,-5.335,0.163,1
spotify:track:6X6SdJzxyw7GzxwP2fr9WV,All I Am,[Jess Glynne],84,0.669,0.184,122.007,0.0373,0.0445,0.0,4,0.74,0,218868,-5.199,0.536,1
spotify:track:5IaHrVsrferBYDm0bDyABy,Taste (feat. Offset),"[Tyga, Offset]",93,0.559,0.101,97.994,0.12,0.0236,0.0,4,0.884,0,232959,-7.442,0.342,1
spotify:track:2VxeLyX666F8uXCJ0dZF8B,Shallow,"[Lady Gaga, Bradley Cooper]",92,0.385,0.231,95.799,0.0308,0.371,0.0,4,0.572,7,215733,-6.362,0.323,1
spotify:track:1rqqCSm0Qe4I9rUvWncaom,High Hopes,[Panic! At The Disco],91,0.904,0.064,82.014,0.0618,0.193,0.0,4,0.579,5,190947,-2.729,0.681,1
spotify:track:4M8x1TR36VMQMFMbGCdoyA,Back & Forth,"[MK, Jonas Blue, Becky Hill]",81,0.816,0.0222,121.993,0.0322,0.0181,0.0,4,0.684,10,196215,-5.211,0.702,0
spotify:track:3EPXxR3ImUwfayaurPi3cm,Be Alright,[Dean Lewis],94,0.586,0.0813,126.684,0.0362,0.697,0.0,4,0.553,11,196373,-6.319,0.443,1
spotify:track:7K7MUBCnzgBAvMVW2RTWNs,Body (feat. brando),"[Loud Luxury, brando]",71,0.764,0.0543,121.958,0.038,0.0476,9.44e-05,4,0.752,1,163216,-4.399,0.582,1
spotify:track:0s3nnoMeVWz3989MkNQiRf,Lucid Dreams,[Juice WRLD],95,0.566,0.34,83.903,0.2,0.349,0.0,4,0.511,6,239836,-7.23,0.218,0
spotify:track:4ofwffwvvnbSkrMSCKQDaC,Shotgun,[George Ezra],91,0.735,0.242,115.741,0.0457,0.286,0.0,4,0.672,5,201287,-4.733,0.754,1
spotify:track:5OCJzvD7sykQEKHH7qAC3C,God is a woman,[Ariana Grande],91,0.658,0.237,145.031,0.0558,0.0233,6e-05,4,0.602,1,197547,-5.934,0.268,1
spotify:track:2G7V7zsVDxg1yRsu7Ew9RJ,In My Feelings,[Drake],95,0.626,0.396,91.03,0.125,0.0589,6e-05,4,0.835,1,217925,-5.833,0.35,1
spotify:track:4OafepJy2teCjYJbvFE60J,breathin,[Ariana Grande],91,0.656,0.213,100.049,0.0433,0.0211,1.37e-05,4,0.568,8,198160,-5.413,0.364,1
spotify:track:2xLMifQCjDGFmkHkpNLD9h,SICKO MODE,[Travis Scott],96,0.73,0.124,155.008,0.222,0.00513,0.0,4,0.834,8,312820,-3.714,0.446,1
spotify:track:5WvAo7DNuPRmk4APhdPzi8,No Brainer,"[DJ Khaled, Justin Bieber, Quavo, Chance the Rapper]",90,0.76,0.0865,135.702,0.342,0.0733,0.0,5,0.552,0,260000,-4.706,0.639,1
spotify:track:0Dn40gxVCMo5TkgS8Ik18Q,Falling Down,"[Lil Peep, XXXTENTACION]",95,0.574,0.146,120.013,0.0286,0.0175,0.00294,4,0.669,4,196400,-6.442,0.273,0
spotify:track:4w8niZpiMy6qz1mntFA5uM,"Taki Taki (with Selena Gomez, Ozuna & Cardi B)","[DJ Snake, Selena Gomez, Ozuna, Cardi B]",100,0.798,0.0618,95.948,0.229,0.153,3.33e-06,4,0.841,1,212500,-4.206,0.591,0
spotify:track:4T3fNx3CgwDRRYgmFCbD4J,Better,[Khalid],92,0.585,0.14,97.565,0.0964,0.0984,0.391,4,0.442,0,229413,-10.332,0.116,0
spotify:track:7dt6x5M1jzdTEt8oCbisTK,Better Now,[Post Malone],94,0.563,0.136,145.028,0.0454,0.354,0.0,4,0.68,10,231267,-5.843,0.374,1
spotify:track:3QlF2ExmrRP0RM7ffv7y0Q,Lost Without You,[Freya Ridings],80,0.137,0.0706,162.08,0.0446,0.928,0.0,1,0.409,6,225076,-9.169,0.106,1
spotify:track:60SdxE8apGAxMiRrpbmLY0,Lucky You (feat. Joyner Lucas),"[Eminem, Joyner Lucas]",92,0.786,0.127,153.068,0.306,0.0627,0.0,4,0.876,10,244679,-4.884,0.575,0
spotify:track:3wAyZwtyyLMsJNG7Mb17ky,Best Life,"[Hardy Caprio, One Acen]",75,0.668,0.122,106.017,0.0447,0.211,0.0,4,0.845,1,200265,-6.702,0.721,0
spotify:track:5a8RPWgKSmcGBGcffmIrUi,Thunderclouds,"[Sia, Diplo, Labrinth, LSD]",90,0.716,0.263,112.035,0.0351,0.0085,9.06e-06,4,0.691,7,187027,-5.985,0.507,1
spotify:track:5CpkVOosLFc83LbwqO6hnI,Just Got Paid,"[Sigala, Ella Eyre, Meghan Trainor, French Montana]",69,0.921,0.197,120.056,0.0863,0.0328,0.0,4,0.734,6,218480,-1.936,0.654,0
spotify:track:04MLEeAMuV9IlHEsD8vF6A,No Stylist,"[French Montana, Drake]",91,0.704,0.227,147.055,0.127,0.0215,0.0,4,0.765,5,192172,-4.589,0.498,0
spotify:track:63SevszngYpZOwf63o61K4,Nevermind,[Dennis Lloyd],88,0.691,0.418,99.976,0.196,0.156,9.78e-06,4,0.592,3,156600,-8.354,0.0796,1
spotify:track:3ee8Jmje8o58CHK66QrVC2,SAD!,[XXXTENTACION],94,0.613,0.123,75.023,0.145,0.258,0.00372,4,0.74,8,166606,-4.88,0.473,1
spotify:track:0mfEHC4z5a7533o7VNOH2c,Ay Caramba,"[Stay Flee Get Lizzy, Fredo, Young T & Bugsey]",75,0.647,0.0797,139.787,0.199,0.0355,0.00373,5,0.629,1,211525,-3.791,0.531,1
spotify:track:7fa9MBXhVfQ8P8Df9OEbD8,Girls Like You (feat. Cardi B),"[Maroon 5, Cardi B]",86,0.541,0.13,124.959,0.0505,0.568,0.0,4,0.851,0,235545,-6.825,0.448,1
spotify:track:2SL6oP2YAEQbqsrkOzRGO4,Venom - Music From The Motion Picture,[Eminem],88,0.794,0.543,135.959,0.064,0.0193,0.0,4,0.749,0,269554,-5.063,0.46,1
spotify:track:0JP9xo3adEtGSdUEISiszL,Moonlight,[XXXTENTACION],94,0.537,0.102,128.009,0.0804,0.556,0.00404,4,0.921,9,135090,-5.723,0.711,0
spotify:track:5p7ujcrUXASCNwRaWNHR1C,Without Me,[Halsey],95,0.488,0.0936,136.041,0.0705,0.297,9.11e-06,4,0.752,6,201661,-7.05,0.533,1
spotify:track:1jo3TwNGCXfNdB5uba3ZVv,Killshot,[Eminem],88,0.651,0.371,105.814,0.378,0.0989,0.0,4,0.892,0,253580,-8.645,0.599,0
spotify:track:78QR3Wp35dqAhFEc2qAGjE,Drip Too Hard (Lil Baby & Gunna),"[Lil Baby, Gunna]",85,0.671,0.552,112.502,0.289,0.103,0.0,4,0.896,1,145543,-6.977,0.358,0
spotify:track:3u1S1OmAUhx5DRlLrXqyp3,Rise,"[Jonas Blue, Jack & Jack]",92,0.784,0.203,106.066,0.032,0.323,0.0,4,0.69,1,194408,-4.653,0.669,1
spotify:track:2iUXsYOEPhVqEBwsqP70rE,Youngblood,[5 Seconds of Summer],87,0.854,0.124,120.274,0.463,0.0169,0.0,4,0.596,7,203418,-5.114,0.152,0
spotify:track:4VUwkH455At9kENOfzTqmF,Beautiful (feat. Camila Cabello),"[Bazzi, Camila Cabello]",92,0.717,0.105,100.027,0.0337,0.346,0.0,4,0.638,2,180000,-4.722,0.249,1
spotify:track:3nc420PXjTdBV5TN0gCFkS,Ocean (feat. Khalid),"[Martin Garrix, Khalid]",88,0.693,0.0891,139.912,0.0412,0.584,9.58e-05,4,0.506,0,216420,-7.265,0.221,0
spotify:track:7ycWLEP1GsNjVvcjawXz3z,Praise The Lord (Da Shine),"[A$AP Rocky, Skepta]",88,0.569,0.1,80.02,0.136,0.0609,0.0816,4,0.85,5,205040,-8.152,0.294,0
spotify:track:5Xn4IyTtW6FUGIUyWjbUHG,Goodbye (feat. Nicki Minaj & Willy William),"[Jason Derulo, David Guetta, Nicki Minaj, Willy William]",88,0.904,0.189,103.028,0.0739,0.0776,0.0,4,0.643,0,195419,-3.694,0.481,1
spotify:track:6DMXPshekQJR7uOMj0103y,Butterflies,"[AJ Tracey, Not3s]",74,0.685,0.115,103.949,0.125,0.259,2.92e-06,4,0.761,5,224000,-9.796,0.596,0
spotify:track:7ef4DlsgrMEH11cDZd32M6,One Kiss (with Dua Lipa),"[Calvin Harris, Dua Lipa]",91,0.862,0.0814,123.994,0.11,0.037,2.19e-05,4,0.791,9,214847,-3.24,0.592,0
spotify:track:2xGjteMU3E1tkEPVFBO08U,This Is Me,"[Keala Settle, The Greatest Showman Ensemble]",69,0.704,0.0424,191.702,0.186,0.00583,0.000115,4,0.284,2,234707,-7.276,0.1,1
spotify:track:15kQGEy89K8deJcZVFEn0N,This Feeling (feat. Kelsea Ballerini),"[The Chainsmokers, Kelsea Ballerini]",90,0.571,0.0912,105.049,0.0439,0.0558,0.0,4,0.575,1,197947,-7.906,0.449,1
spotify:track:1jQvUmf16VE9WQCPuK2e8K,STOOPID,"[6ix9ine, Bobby Shmurda]",88,0.63,0.162,149.989,0.395,0.13,0.0,4,0.733,11,152000,-4.296,0.832,1
spotify:track:48zFZh27QU5qsrBjn4C2FA,Vaina Loca,"[Ozuna, Manuel Turizo]",84,0.805,0.203,93.983,0.0752,0.315,0.0,4,0.754,6,176133,-4.249,0.555,1
spotify:track:7ATATJztoWLcqDAcVVof0C,BEBE,"[6ix9ine, Anuel Aa]",93,0.902,0.125,102.063,0.109,0.172,0.0,4,0.635,0,217822,-3.559,0.286,1
spotify:track:2E124GmJRnBJuXbTb4cPUB,FEFE (feat. Nicki Minaj & Murda Beatz),"[6ix9ine, Nicki Minaj, Murda Beatz]",93,0.387,0.136,125.978,0.412,0.088,0.0,4,0.931,1,179405,-9.127,0.376,1
spotify:track:1xzBco0xcoJEDXktl7Jxrr,Mo Bamba,[Sheck Wes],92,0.625,0.248,146.034,0.0315,0.194,0.00986,4,0.729,4,183907,-5.266,0.261,1
spotify:track:4zIO3ilp5HvTeK3HJHxhMP,Natural,[Imagine Dragons],93,0.612,0.08,97.773,0.0708,0.216,0.0,4,0.448,2,189467,-6.106,0.213,1
spotify:track:58q2HKrzhC3ozto2nDdN4z,I Like It,"[Cardi B, Bad Bunny, J Balvin]",93,0.726,0.372,136.048,0.129,0.099,0.0,4,0.816,5,253390,-3.998,0.65,0
spotify:track:0dbTQYW3Ad1FTzIA9t90E8,Mona Lisa (feat. Kendrick Lamar),"[Lil Wayne, Kendrick Lamar]",89,0.694,0.109,122.078,0.169,0.371,0.0,4,0.855,2,324189,-4.393,0.49,1
spotify:track:6wWaVoUOzLQJHd3bWAUpdZ,"Never Recover (Lil Baby & Gunna, Drake)","[Lil Baby, Gunna, Drake]",89,0.69,0.192,132.064,0.282,0.0716,0.0,4,0.757,1,194732,-5.327,0.914,0
spotify:track:0TlLq3lA83rQOYtrqBqSct,Nonstop,[Drake],92,0.412,0.104,154.983,0.124,0.0164,0.013,4,0.912,7,238614,-8.074,0.422,1
spotify:track:3V8UKqhEK5zBkBb6d6ub8i,Te Boté - Remix,"[Nio Garcia, Casper Magico, Bad Bunny, Darell, Ozuna, Nicky Jam]",92,0.675,0.0595,96.507,0.214,0.542,1.28e-05,4,0.903,11,417920,-3.445,0.442,0
spotify:track:6kPJZM97LwdG9QIsT7khp6,Solo (feat. Demi Lovato),"[Clean Bandit, Demi Lovato]",91,0.636,0.35,105.005,0.0437,0.0441,6.66e-05,4,0.737,11,222653,-4.546,0.565,0
spotify:track:7d6XJZjnm7iWcKwYL9z5kC,Noticed,[Lil Mosey],85,0.558,0.116,79.992,0.0603,0.462,0.0,4,0.699,11,165000,-7.622,0.493,1
spotify:track:7m9OqQk4RVRkw9JJdeAw96,Jocelyn Flores,[XXXTENTACION],91,0.391,0.297,134.021,0.242,0.469,4.13e-06,4,0.872,0,119133,-9.144,0.437,0
spotify:track:2XXMDz7SPZ4mSFN1PXfHUy,Cuando Te Besé,"[Becky G, Paulo Londra]",91,0.732,0.106,100.048,0.213,0.307,5.14e-06,4,0.772,9,254383,-3.713,0.295,0
spotify:track:0QIjsbm2fh1cJ45XO9eGqq,Wake Up in the Sky,"[Gucci Mane, Bruno Mars, Kodak Black]",90,0.578,0.359,143.01,0.0485,0.00381,0.0,4,0.8,4,204665,-5.144,0.367,0
spotify:track:0e7ipj03S05BNilyu5bRzt,rockstar (feat. 21 Savage),"[Post Malone, 21 Savage]",91,0.535,0.131,159.847,0.0898,0.117,6.56e-05,4,0.587,5,218147,-6.09,0.14,0
spotify:track:25sgk305KZfyuqVBQIahim,Sweet but Psycho,[Ava Max],91,0.704,0.166,133.002,0.0476,0.0691,0.0,4,0.719,1,187436,-4.724,0.628,1
spotify:track:7rLegaz7zKB6EtDNzcslKE,Medley da Gaiola - Dennis DJ Remix,"[MC Kevin o Chris, Dennis DJ]",82,0.757,0.0779,140.038,0.236,0.702,0.0,4,0.897,4,240000,-5.243,0.613,0
spotify:track:0UyljEbX9dqI1K0sqdv6B6,SLOW DANCING IN THE DARK,[Joji],84,0.479,0.191,88.964,0.0261,0.544,0.00598,4,0.515,3,209274,-7.458,0.284,1
spotify:track:3Hb9kUdm4yf839Fle4RIdT,Parado no Bailão,"[MC L da Vinte, MC Gury]",80,0.599,0.0775,86.533,0.149,0.381,0.0,5,0.828,11,171692,-1.624,0.478,1
spotify:track:2JqnpexlO9dmvjUMCaLCLJ,Love Someone,[Lukas Graham],86,0.415,0.108,172.065,0.052,0.161,0.0,4,0.55,9,205463,-6.557,0.274,0
spotify:track:3ngc7rGlfeFaskU90EWl4R,You Say,[Lauren Daigle],83,0.637,0.0882,147.924,0.0333,0.669,0.0,4,0.494,5,274693,-6.381,0.1,1
spotify:track:51HrDv54pSe1IqynORNXBd,O Bebê,"[MC Kevinho, MC Kekel]",84,0.749,0.241,165.057,0.114,0.248,0.0,4,0.81,6,178099,-3.734,0.795,0
spotify:track:3rPAD722s5FFNnwjC91t7Z,Quiere Beber,[Anuel Aa],91,0.57,0.108,95.038,0.113,0.372,0.00524,4,0.773,8,187125,-3.482,0.772,1
spotify:track:4D5Ode2OfZMxIwQyvmhUe8,Lil’ Touch,[Girls' Generation-Oh!GG],74,0.789,0.301,112.11,0.104,0.0114,0.0,4,0.791,11,189846,-4.694,0.669,0
spotify:track:5f9808hpiCpuNyqqdXmpF2,Buwan,[juan karlos],80,0.381,0.0902,126.008,0.04,0.447,0.000171,4,0.631,7,343446,-11.808,0.36,1
spotify:track:0rsDhujEJ73Q7I9bvEljAZ,Sunflower - Movie Version,[Shannon Purser],75,0.0935,0.0958,131.182,0.0438,0.924,0.0,4,0.694,0,108085,-13.712,0.551,1
spotify:track:2zDj4WjbNDmrRL6Z4YjjCA,Amigos Con Derechos,"[Reik, Maluma]",89,0.807,0.0652,183.971,0.0613,0.0481,0.0,4,0.686,1,227476,-3.324,0.63,1
spotify:track:51agJccRxKI5dqGJFkTojo,Mary Jane (Radio Edit),[Burry Soprano],75,0.561,0.0878,122.041,0.0525,0.627,1.08e-06,4,0.871,1,180984,-7.155,0.0951,1
spotify:track:5b3auymspp8YgCB9672fbR,Bad,[Lennon Stella],70,0.613,0.093,137.96,0.0621,0.366,1.25e-05,4,0.827,8,177973,-5.34,0.747,1
spotify:track:00bWqt93aqLXqKtzZoq7Jw,MOOO!,[Doja Cat],70,0.407,0.111,89.011,0.233,0.461,0.0,4,0.878,7,286517,-10.941,0.547,1
spotify:track:2dmGj5Nf01FcR6N4HPzAbL,Saudade Nível Hard,[Yasmin Santos],81,0.811,0.33,167.922,0.127,0.0437,0.0,4,0.509,6,181847,-5.604,0.716,0
spotify:track:5qHirGR7M9tdm6C17DlzSY,REEL IT IN,[Aminé],86,0.342,0.193,128.981,0.0991,0.073,0.0,4,0.754,10,121347,-8.677,0.423,0
spotify:track:2X8sssaxS5GReg6945B6RW,Só Pra Castigar,[Wesley Safadão],81,0.94,0.578,124.015,0.0386,0.0201,0.0,4,0.681,0,163851,-1.77,0.648,1
spotify:track:2H1liABu20HXBOmbt5SQz1,Ciumeira - Ao Vivo,[Marília Mendonça],84,0.813,0.797,123.842,0.0452,0.204,0.0,4,0.741,11,190084,-4.83,0.765,0
spotify:track:2PMLdLt5QeOuOgxfAvx1in,Sofazinho - Ao Vivo,"[Luan Santana, Jorge & Mateus]",79,0.875,0.209,163.958,0.106,0.426,0.0,4,0.517,0,187378,-3.997,0.672,1
spotify:track:6q8Lb50EtqNeeJXXe8mMAH,Culpables,"[Karol G, Anuel Aa]",88,0.801,0.143,130.059,0.0683,0.279,4.71e-06,4,0.728,8,226627,-2.942,0.416,0
spotify:track:1DcxnVNFAyVl2sDQ646pXS,PPP,[Kevin Roldan],85,0.65,0.122,92.975,0.109,0.363,8.17e-05,4,0.786,4,129040,-6.839,0.712,1
spotify:track:7uQmJ1jgNzBpATSoWKSPFu,Ya No Tiene Novio,"[Sebastian Yatra, Mau y Ricky]",89,0.832,0.0705,182.184,0.154,0.048,0.0,4,0.632,7,198933,-1.948,0.784,0
spotify:track:1yDiru08Q6omDOGkZMPnei,Maybe The Night,[Ben&Ben],79,0.522,0.114,74.05,0.0367,0.113,4.91e-05,4,0.572,2,217197,-9.095,0.498,1
spotify:track:7LPR6AdkOQR9WpEixCGNCk,Sapequinha,"[Lexa, MC Lan]",79,0.984,0.0632,150.086,0.286,0.211,0.0,4,0.677,11,134107,-3.539,0.906,0
spotify:track:3CACzG9I3AoKUKA3ODE5zW,Me Vas a Extrañar - En Vivo,"[Damas Gratis, Viru Kumbieron]",78,0.809,0.699,88.418,0.0357,0.323,0.0,4,0.419,11,238528,-4.596,0.635,1
spotify:track:6u2qyJK7Zw5T5ZYgNtfVdM,Hereafter,[Architects],63,0.973,0.224,121.018,0.0849,4.58e-05,0.00326,4,0.513,6,255587,-4.115,0.159,0
spotify:track:6jreFSOTUAViWjKyzOC4Kg,REMEDY,[Alesso],87,0.775,0.0883,119.964,0.0473,0.269,0.0,4,0.601,0,190295,-4.612,0.483,1
spotify:track:5ygDXis42ncn6kYG14lEVG,Baby Shark,[Pinkfong],78,0.84,0.341,115.062,0.227,0.245,0.0,4,0.825,7,96333,-3.651,0.52,1
spotify:track:2EK48RuuE8HHMDzD2rEDqL,Siren,[SUNMI],75,0.905,0.0592,122.012,0.0369,0.0142,0.0,4,0.61,9,199134,-3.686,0.521,0
spotify:track:14mHfNsSHN0FbLftyjrV9g,Leave Me Alone,[Flipp Dinero],88,0.743,0.183,150.024,0.0851,0.107,0.0,4,0.792,7,195637,-2.806,0.742,1
spotify:track:7noud145AHZGg74vpWOsCa,Trip,[Ella Mai],79,0.605,0.138,81.047,0.075,0.214,0.0,4,0.717,11,217118,-5.68,0.387,0
spotify:track:1TPOfLc3kTmlQLSK7jMelu,Rescue,[Lauren Daigle],70,0.243,0.11,92.332,0.0279,0.775,0.0,4,0.306,6,215613,-7.696,0.105,1
spotify:track:0NKoPGc72yUKTIneVhFfg1,Mocca,"[Lalo Ebratt, Trapical]",78,0.695,0.123,97.957,0.353,0.185,0.0,4,0.786,1,200293,-5.343,0.591,0
spotify:track:28O1p0bQXH2F6Qn8jBZZR4,Ponle,"[Rvssian, Farruko, J Balvin]",81,0.772,0.0851,94.028,0.194,0.187,0.00181,4,0.857,10,164765,-4.736,0.589,0
spotify:track:33zcmmElV1YbRZe57biUjg,Celoso,[Lele Pons],87,0.703,0.331,166.043,0.107,0.352,0.0,4,0.746,4,179693,-4.179,0.667,0
spotify:track:17LxkTp8UNbPcYrDrI6UOq,Contigo Siempre,"[Alejandro Fernandez, Sebastian Yatra]",77,0.503,0.0978,145.945,0.0414,0.0418,0.0,4,0.661,7,201440,-8.508,0.731,1
spotify:track:0YammaEkYSeo9vQYZ1OwS6,Say My Name,"[David Guetta, Bebe Rexha, J Balvin]",84,0.66,0.192,95.031,0.123,0.137,0.0,4,0.703,10,198947,-5.119,0.79,0
spotify:track:15fZrZhdK0g1BS9sDeW6sD,Love No More,"[Loud Luxury, anders]",68,0.678,0.258,121.01,0.054,0.0221,4.82e-05,4,0.767,0,168636,-6.249,0.217,1
spotify:track:7LNmWbTkIL2WgHxGDSLyKk,AirForce,[DIG DAT],68,0.664,0.376,142.035,0.369,0.456,0.0,4,0.858,1,221545,-7.637,0.656,1
spotify:track:1fp2uoWXPca3mIdxRHIgQm,Advice,"[Cadet, Deno Driz]",74,0.529,0.101,105.067,0.328,0.201,0.0,4,0.911,9,192571,-7.996,0.76,0
spotify:track:4yoVysVzKbW0da1sayGpWp,Jackie Chan,"[Bantu, Dr. Chaii]",59,0.536,0.0696,108.007,0.15,0.248,7.36e-05,4,0.964,7,181943,-7.873,0.615,0
spotify:track:6GM5cjlQN641yTKORmxt4E,Real One,[Aseven],52,0.577,0.152,102.028,0.0492,0.221,0.000919,4,0.758,9,185028,-6.144,0.47,0
spotify:track:5RjJhJLYX9Zt7jWJEjhcSr,Coming Back to You,"[Naya, Tom Grennan]",50,0.787,0.0864,96.997,0.0291,0.423,0.0,4,0.683,9,186040,-4.099,0.502,1
spotify:track:5Vdrq1akDDxNMEybDvmBDa,Suspirium,[Thom Yorke],64,0.217,0.134,151.002,0.032,0.989,0.905,3,0.473,1,201768,-15.662,0.441,0
spotify:track:66b3Yb7y65WuYvwBp7CVRN,Bebey (feat. Giggs) [SN1 Road Mix],"[Theophilus London, Giggs]",60,0.667,0.097,164.012,0.151,0.559,4.35e-06,4,0.645,5,257259,-5.72,0.751,0
spotify:track:4GcNU5rgS4syTK4lxI2XGX,Hunt Me Down,[Ellysse Mason],49,0.536,0.064,146.985,0.0294,0.19,0.0,4,0.502,1,291500,-7.185,0.138,1
spotify:track:0CBFOvHlyqy30Q5tbyNHfQ,Want To,[Dua Lipa],60,0.691,0.0593,92.082,0.123,0.0788,0.000132,4,0.572,8,212040,-4.783,0.318,0
spotify:track:6ho0GyrWZN3mhi9zVRW7xi,Losing It,[FISHER],63,0.964,0.0974,125.0,0.0576,0.00182,0.7,4,0.76,2,248036,-5.844,0.641,1
spotify:track:7eBqSVxrzQZtK2mmgRG6lC,Murder On My Mind,[YNW Melly],80,0.73,0.11,115.007,0.0516,0.145,3.06e-06,4,0.759,0,268434,-7.985,0.74,0
spotify:track:1Ei4I19L2hnsMQYAlaqQLM,Cheatin',[Nathan Dawe],64,0.856,0.495,123.913,0.0336,0.00153,0.0,4,0.492,5,178415,-3.476,0.391,1
spotify:track:0w8A8dDcqejwN14MWAuf4k,"Hang Up Your Hang Ups (The Only One) [feat. Kim English] - CamelPhat Remix, Edit","[Paul Woolford, Kim English, CamelPhat]",57,0.976,0.277,125.03,0.0491,0.00338,0.644,4,0.469,11,206141,-5.673,0.527,0
spotify:track:1MUL6DO2gVimj2YrVedubd,Creep On Me,"[GASHI, French Montana, DJ Snake]",81,0.597,0.197,134.598,0.14,0.347,1.03e-05,5,0.449,9,194777,-4.401,0.505,0
spotify:track:1UByaqWRHXyF7m3WnCX0TB,Entitled,[Type.Raw],60,0.496,0.109,90.038,0.0476,0.11,0.752,4,0.736,11,128712,-9.567,0.943,0
spotify:track:21kOVEG3bDCVphKhXL8XmQ,Walk,[Comethazine],78,0.795,0.291,160.063,0.264,0.221,0.0,4,0.831,1,96064,-6.186,0.744,1
spotify:track:1m0UFnuTktOkksvjbF9z0m,Ramenez la coupe à la maison,[Vegedream],79,0.661,0.138,107.992,0.0395,0.0358,0.0,4,0.808,0,235556,-6.237,0.804,0
spotify:track:4cWafPsRizm6woL5j4HNTD,(It Happens) Sometimes,[Jack Back],63,0.886,0.11,122.025,0.0573,0.000431,0.00451,4,0.833,11,202276,-6.767,0.604,1
spotify:track:6mFsgNSqTikfpZz46QBS4N,Torn,[Richard Fairlie],54,0.49,0.127,101.585,0.119,0.204,0.0,4,0.537,1,184320,-7.979,0.351,1
spotify:track:5U28PY9MekLyCBYtLHGQpe,Meu Abrigo,[Melim],81,0.572,0.125,92.011,0.0304,0.214,0.0,4,0.658,3,231474,-7.527,0.741,1
spotify:track:1IJH7QjV5V99eJBtKXqGXE,Largado Às Traças - Ao Vivo,[Zé Neto & Cristiano],81,0.869,0.535,121.996,0.0857,0.611,0.0,4,0.694,3,234961,-5.26,0.786,0
spotify:track:4xc6RrWzEOdprPqYn9Cyen,Só Você,"[Dennis DJ, MC G15]",82,0.751,0.112,129.935,0.117,0.447,0.0,4,0.834,11,161444,-0.787,0.697,1
spotify:track:3xgDQRexKiyS4Eq3oAvLaD,Disk Me,[Pabllo Vittar],77,0.61,0.124,140.014,0.0447,0.141,0.0,4,0.761,1,173137,-5.856,0.29,1
spotify:track:2Ab1wPTEqulaCGoBak1gUo,Ao Vivo E A Cores,"[Matheus & Kauan, Anitta]",77,0.526,0.147,135.032,0.0352,0.0131,0.0,4,0.668,5,180304,-6.174,0.42,0
spotify:track:4iGwWeV7XVIWO9Yy5QExOr,Zé da Recaída,[Gusttavo Lima],80,0.832,0.0878,135.137,0.0385,0.206,0.0,4,0.841,5,168459,-2.018,0.904,1
spotify:track:2odzriVVZBwYOiYJEj30tm,Pouca Pausa,"[Clau, CortesiaDaCasa, Haikaiss]",80,0.583,0.0922,103.006,0.149,0.194,0.0,4,0.886,8,279757,-6.639,0.883,0
spotify:track:74n5d5M21JnC4WJ6gdkggK,Propaganda - Ao Vivo,[Jorge & Mateus],80,0.782,0.399,167.95,0.0605,0.381,0.0,4,0.614,2,141935,-4.603,0.77,1
spotify:track:5EKHbW7mXcAR4hCyS3YXjb,Atrasadinha - Ao Vivo,"[Felipe Araújo, Ferrugem]",81,0.844,0.866,159.969,0.109,0.498,0.0,4,0.676,7,172767,-3.396,0.716,1
spotify:track:2qkNnJvQvhLiZ63X1L3eFz,Notificação Preferida - Ao Vivo,[Zé Neto & Cristiano],78,0.838,0.189,156.008,0.13,0.778,0.0,3,0.398,8,182341,-4.734,0.206,0
spotify:track:2JVbZEpewmqNlSzmXJTx2E,Favela,"[Alok, Ina Wroldsen]",80,0.812,0.0264,103.023,0.0598,0.0125,0.00233,4,0.777,2,185105,-3.206,0.283,0
spotify:track:6pgoGpBkKUvXrrU95j0khl,Cidade Vizinha - Ao Vivo,[Henrique & Juliano],70,0.555,0.612,94.898,0.0284,0.698,0.0,4,0.565,9,178904,-7.221,0.308,1
spotify:track:5TUYLsiIi3tuvR2fCJjZUy,Kikadinha,[Jerry Smith],79,0.662,0.039,184.091,0.265,0.143,0.000475,4,0.756,2,146087,-6.15,0.848,1
spotify:track:5Vw6ZLNB6Ko7VZM6vmNIbr,O Alvo - Ao Vivo,"[Diego & Victor Hugo, Henrique & Juliano]",79,0.808,0.742,126.821,0.0494,0.543,0.0,4,0.551,10,164956,-3.367,0.505,1
spotify:track:4R5xvs5X0phd0EYWyGigju,Medicina,[Anitta],82,0.784,0.149,93.96,0.0667,0.0441,0.0129,4,0.798,4,141508,-3.545,0.653,0
spotify:track:0PaAB17axL9hn88mHiw8g0,Não Fala Não pra Mim,"[Humberto & Ronaldo, Jerry Smith]",80,0.794,0.236,157.987,0.0402,0.591,0.0,4,0.741,3,196613,-2.555,0.765,1
spotify:track:1fyhyOy6iS9E2NckAzjmTo,Status Que Eu Não Queria - Ao Vivo,[Zé Neto & Cristiano],78,0.871,0.564,117.622,0.209,0.59,0.0,4,0.58,4,153934,-4.052,0.911,1
spotify:track:0RBOFW5424gCCCZrgECbt6,Romance Com Safadeza,"[Wesley Safadão, Anitta]",79,0.903,0.117,155.97,0.0693,0.216,0.0,4,0.544,11,172655,-4.11,0.765,0
spotify:track:6yxYagNp6Gapd7jXmWzgVc,A Culpa É Dele - Ao Vivo | Acústico,"[Marília Mendonça, Maiara & Maraisa]",78,0.602,0.139,125.927,0.182,0.627,0.0,4,0.838,7,176722,-5.973,0.729,1
spotify:track:7uTv9wHkOPh5P9HFmkOE28,Problema Seu,[Pabllo Vittar],68,0.83,0.134,135.062,0.0367,0.014,0.0,4,0.872,10,162465,-5.301,0.568,0
spotify:track:6tuzPD1zPPvwMbGiD0TBay,Fuleragem,[MC WM],78,0.836,0.113,94.979,0.0506,0.00857,0.00016,4,0.808,8,141474,-2.3,0.755,1
spotify:track:76KDy62J99FKu6ZsxMJy3j,Amor de Verdade,"[MC Kekel, MC Rita]",79,0.724,0.112,120.235,0.0851,0.138,0.0,5,0.638,7,197333,-7.966,0.461,1
spotify:track:4cnNrOojGyU6J3OXqVTPIg,Pra Inveja É Tchau,"[Mc Kevin, Mc Davi]",77,0.341,0.0752,83.507,0.06,0.724,4.56e-05,3,0.693,0,173233,-4.706,0.51,1
spotify:track:3fLqmaO4vvZpFZSZy52VMp,Deixa (feat. Ana Gabriela),"[Lagum, Ana Gabriela]",77,0.326,0.193,81.457,0.0631,0.821,0.0,4,0.498,0,176025,-8.223,0.323,1
spotify:track:3IfctMaf2sfvlSLRa42Cna,O Sol,[Vitor Kley],76,0.623,0.104,97.532,0.0256,0.12,0.0,4,0.641,6,209000,-5.641,0.65,0
spotify:track:3HEb6Y5dv8PgD6JgsIQNac,Bebida Na Ferida - Ao Vivo,[Zé Neto & Cristiano],77,0.796,0.842,126.099,0.164,0.735,0.0,4,0.605,1,199363,-5.195,0.51,1
spotify:track:4kiauw5SBqEsu5GuGD09aM,Novinha Você É uma Flor,[MCs Thin e Alexandre],78,0.469,0.0988,130.126,0.109,0.23,0.0,4,0.86,7,143971,-6.262,0.769,1
spotify:track:1qCLx3nX25NuhfPjM5E1qV,Ouvi Dizer,[Melim],76,0.614,0.093,81.011,0.0532,0.0745,0.0,4,0.641,7,210889,-7.847,0.727,1
spotify:track:4JPSfCXQe6kDliMIJTqISW,Coladinha em Mim - Ao Vivo,"[Gustavo Mioto, Anitta]",69,0.68,0.912,188.162,0.292,0.354,0.0,4,0.623,6,170507,-7.255,0.643,0
spotify:track:0aZfIiaO3b2HTNxZ3sv1cg,Devagarinho,[Luísa Sonza],79,0.78,0.189,102.057,0.0574,0.309,5.45e-05,4,0.797,1,137045,-6.044,0.823,0
spotify:track:220QqE38Qrmyrtyd5xqB8i,Seu Crime,[Pabllo Vittar],70,0.667,0.14,127.056,0.0913,0.0944,2.68e-06,4,0.788,8,154941,-5.215,0.646,0
spotify:track:5ReZ4aO1vRnzhxINvPiGJD,Cada um na Sua - Ao Vivo,[Fernando & Sorocaba],76,0.812,0.985,143.072,0.0649,0.679,0.0,4,0.612,1,221499,-3.031,0.624,1
spotify:track:0vT797IpZpF5o1XLCnWCUL,É natural (Participação especial de Bruno Cardoso) - Ao vivo,"[Ferrugem, Bruno Cardoso]",70,0.74,0.486,76.139,0.0447,0.531,0.0,4,0.497,1,207093,-5.475,0.478,0
spotify:track:5AQNVgt7BKHKRhrNFFgSPF,Siga a Seta (feat. Matheus & Kauan) - Ao Vivo,"[Marcos & Belutti, Matheus & Kauan]",76,0.855,0.0999,172.008,0.18,0.517,0.0,4,0.508,0,171693,-3.634,0.641,1
spotify:track:0kCqaybZgYcLYxzZymmBoc,"Quem Pegou, Pegou",[Henrique & Juliano],75,0.682,0.854,104.017,0.0263,0.304,0.0,4,0.699,9,183888,-5.396,0.678,1
spotify:track:2PADJK4rhdklqFLQFa5oMX,Cerveja De Garrafa (Fumaça Que Eu Faço) - Ao Vivo,[Atitude 67],76,0.841,0.723,162.961,0.0591,0.599,0.0,4,0.673,4,210387,-4.968,0.663,1
spotify:track:3UxbT06Mz8aTJbHYYIxwkI,Mundo de Ilusões - Ao Vivo,[Gusttavo Lima],76,0.925,0.379,142.008,0.0548,0.496,0.0,4,0.758,0,185781,-3.495,0.775,1
spotify:track:4fMjqKYYsvtT6Fvca8lGFl,Sua Mãe Vai Me Amar,[Turma do Pagode],75,0.816,0.808,163.941,0.0374,0.4,0.0,4,0.571,8,183759,-6.011,0.942,0
spotify:track:574kOxVgCcy70oq623rvPE,Pour Over,"[Vintage Culture, Adam K]",76,0.7,0.386,176.926,0.0604,0.0021,0.00952,3,0.514,7,213559,-6.827,0.164,1
spotify:track:0QnEGWGECQUPuE3m8L6hdT,Jaloux,[Dadju],75,0.797,0.399,139.992,0.0739,0.193,0.0,4,0.558,8,233986,-3.89,0.368,0
spotify:track:0YCMh9HQkRpAtkj0i1sZqH,BB,[Booba],76,0.556,0.104,130.006,0.109,0.417,1.81e-06,4,0.761,1,198373,-6.631,0.384,0
spotify:track:6qk9lEM6UIxNbAuI0PpOLu,Air Max,"[Rim'K, Ninho]",70,0.591,0.102,141.888,0.459,0.26,0.0,4,0.82,1,205867,-7.338,0.551,1
spotify:track:3AZg5nZgMquXJ67KgpngKX,Copines,[Aya Nakamura],79,0.778,0.112,180.033,0.092,0.289,2.36e-06,4,0.71,8,170701,-3.985,0.896,0
spotify:track:42Xesu4U4nM3CCjMk5X3kM,Sur le drapeau,"[Suprême NTM, Sofiane]",73,0.902,0.318,144.038,0.287,0.189,0.0,4,0.763,6,199000,-5.759,0.625,0
spotify:track:2NUIWpL6IsYGkwfSN7basS,Ma 6t a craqué (feat. Ninho),"[Kpoint, Ninho]",76,0.684,0.137,89.999,0.197,0.473,1.14e-06,3,0.816,11,197597,-8.478,0.815,0
spotify:track:06O3hxudc6V0BOuoCFSy71,Tout oublier,"[Angèle, Roméo Elvis]",75,0.542,0.247,105.005,0.197,0.493,2.75e-06,4,0.692,11,202120,-7.9,0.285,0
spotify:track:6FqNHDHEsUTKqVWXBkMd9y,Train de vie,[Koba LaD],70,0.641,0.137,146.139,0.124,0.216,0.0,4,0.742,0,214520,-5.585,0.418,0
spotify:track:0O4XHiuVt3dBaOzSI49BtF,Bella,"[MHD, WizKid]",68,0.639,0.124,102.045,0.125,0.422,0.0,4,0.767,6,183745,-6.633,0.653,0
spotify:track:7qWsMxgCMFyjlnvLMocf4p,Empire,"[Sofiane, Kaaris]",60,0.79,0.0882,144.017,0.211,0.0488,0.0,4,0.884,8,192240,-4.085,0.421,1
spotify:track:5PtFV78R0DRvzsTqk1S0Vt,La C,[Koba LaD],70,0.719,0.19,172.04,0.36,0.302,3.64e-05,4,0.767,7,183027,-6.221,0.638,0
spotify:track:17y8kqTbNDd9QM3j6yln4g,Adieu bientôt,[Columbine],67,0.648,0.101,140.034,0.17,0.391,0.0,4,0.793,8,211307,-7.612,0.249,0
spotify:track:2iVvukpWd7OX1n1LwUF5Rs,Iencli,"[Vald, Sofiane]",62,0.768,0.273,88.005,0.164,0.498,0.0,4,0.669,7,222333,-5.111,0.294,1
spotify:track:7cHRpZZsPiRVmHC3Plx514,Moments durs,[Koba LaD],71,0.563,0.101,119.989,0.32,0.57,4.48e-06,4,0.817,0,202213,-6.221,0.722,0
spotify:track:196cSZjrDdgaJILT3cpfYl,Woah,"[Sofiane, Vald, Mac Tyer, Soolking, Kalash Criminel, Sadek, Heuss L'enfoiré]",70,0.777,0.647,124.001,0.386,0.211,0.0,4,0.935,7,250595,-4.748,0.553,1
spotify:track:58st6r10Ze6QomHs0BMUA8,91's,[PNL],74,0.668,0.0778,103.036,0.107,0.249,0.0,4,0.777,4,237014,-8.837,0.243,0
spotify:track:3iYv5nIthPXesF0DeuhmVL,Rolls (feat. Lacrim),"[Hornet La Frappe, Lacrim]",73,0.784,0.0821,101.049,0.126,0.476,3.1e-06,4,0.789,5,212360,-7.056,0.563,0
spotify:track:7C7l4I5OZHEO1Vbx8SGJC2,Monégasque,[PLK],67,0.734,0.115,74.883,0.231,0.416,0.0,4,0.722,6,203553,-4.583,0.612,1
spotify:track:3iBOe7U7kRPNIoL3QLCVu2,La thune,[Angèle],68,0.593,0.112,145.039,0.0532,0.526,1.09e-05,4,0.702,11,201907,-8.339,0.522,1
spotify:track:13E2wgUjmdunrlq3Vbxv8T,W.L.G,[Niska],74,0.624,0.125,155.026,0.141,0.113,0.0,4,0.792,2,190452,-5.781,0.447,1
spotify:track:206RguRdgqOWe91Fo2uF7a,Pharmacie,[SCH],64,0.907,0.113,139.976,0.219,0.714,0.000129,4,0.703,3,218213,-6.957,0.612,0
spotify:track:4LaetMVulXier6VgeK6LtM,Taga,[Hornet La Frappe],71,0.671,0.133,137.985,0.105,0.395,0.0,4,0.852,7,203467,-5.994,0.476,0
spotify:track:4J7XN3KBqVH0ftG52SpkRf,Dalida,[Soolking],74,0.723,0.104,140.063,0.047,0.661,1.46e-05,4,0.759,7,224154,-4.66,0.467,0
spotify:track:7Fe8MO5HKHfKiWo7I0XtVr,Hier (feat. SCH),"[PLK, SCH]",67,0.564,0.0971,139.826,0.307,0.678,0.000727,4,0.53,1,220032,-6.969,0.135,0
spotify:track:2jX5c5RFp0A9E1GDsvGxIa,Balance ton quoi,[Angèle],70,0.442,0.276,115.932,0.0823,0.594,2.39e-05,4,0.703,0,189480,-10.383,0.381,1
spotify:track:6tdd3zR2Q8p1VgqvsGvtju,Moscow,[RK],71,0.672,0.143,135.055,0.266,0.294,0.0,4,0.845,0,222093,-5.22,0.445,1
spotify:track:1K6idVTyVwb5DIEkCEf06y,Oyé,[Koba LaD],66,0.58,0.241,130.929,0.334,0.266,0.0,4,0.841,0,187973,-4.946,0.461,1
spotify:track:3U5x1rplpJNKR3Xg88EfLi,Jalousie,[Angèle],69,0.443,0.118,89.951,0.0411,0.811,6.16e-05,4,0.588,7,225707,-10.019,0.335,0
spotify:track:6JtIPRPfMx1XA7OHAYpZIf,Waow (feat. Nekfeu),"[PLK, Nekfeu]",67,0.744,0.098,119.944,0.143,0.216,0.0,4,0.77,1,194934,-8.001,0.32,1
spotify:track:3dmSfpPj9OdlU0Mbbs7p6m,Chambre 122,[Koba LaD],70,0.584,0.0957,138.009,0.293,0.24,1.26e-05,4,0.881,7,196973,-5.823,0.324,1
spotify:track:4L0Iwsk1s8cbdBcEgdm8K5,Feu de bois,[Damso],72,0.633,0.092,138.097,0.0734,0.256,1.31e-06,4,0.789,2,183307,-6.269,0.262,1
spotify:track:5as5HurTt4u7BuFIT5j8am,Bae,[RK],72,0.654,0.0999,119.966,0.0523,0.632,0.0,5,0.835,9,174840,-5.971,0.658,1
spotify:track:61SYuUg9rokbvIPxzrhxd0,Billets verts,[Maes],73,0.59,0.108,154.051,0.0745,0.642,1.82e-06,4,0.662,1,168857,-8.762,0.393,1
spotify:track:14hLSMLJ86sHRklJ62tH58,Django,"[Dadju, Franglish]",73,0.587,0.159,195.927,0.253,0.416,0.0,4,0.619,8,249240,-6.771,0.717,0
spotify:track:4lzjE9GlGamkuYqQBfCY8R,1000°C,"[Lomepal, Roméo Elvis]",71,0.539,0.11,102.952,0.113,0.294,4.79e-05,4,0.732,3,237120,-8.084,0.403,0
spotify:track:3eiuxHgjBs0ZHYgyapxD4d,Entre les murs (feat. Ninho),"[DA Uzi, Ninho]",70,0.308,0.0918,120.081,0.267,0.222,0.0,4,0.859,4,212250,-13.086,0.406,0
spotify:track:1UQKfmCH2wxVXTAVMUXiEj,La loi de Murphy,[Angèle],67,0.734,0.144,191.141,0.471,0.142,4.41e-05,4,0.354,2,195173,-8.452,0.259,0
spotify:track:7boPPE857KEqCIHNwFkDop,Audio,"[Sia, Diplo, Labrinth, LSD]",82,0.692,0.0862,89.998,0.0671,0.192,1.51e-06,4,0.365,3,203400,-4.586,0.372,0
spotify:track:44ahv3Zj4FOJoy8gJLZF9B,Alright,[Jain],62,0.611,0.035,184.055,0.068,0.0181,6.64e-06,4,0.685,8,222493,-8.057,0.598,0
spotify:track:3iXhLi33EpUfcOwasC8un1,Ta reine,[Angèle],68,0.44,0.0901,107.091,0.0801,0.822,3.98e-06,4,0.668,9,213200,-10.607,0.127,0
spotify:track:1leeEohWV02ifmrJPC8vNY,24 carats,[RK],64,0.617,0.0733,160.06,0.366,0.543,0.0,4,0.761,2,211760,-7.119,0.471,1
spotify:track:6tG5G78USqn2NTHhApWFKU,Suge,[Koba LaD],68,0.622,0.0883,149.928,0.419,0.172,0.0,4,0.585,5,194213,-6.398,0.604,0
spotify:track:4UOXo3xWnxYdTf3sFyRaUG,500 PS,"[Bonez MC, RAF Camora]",81,0.924,0.0902,139.976,0.0439,0.391,0.00448,4,0.805,7,181971,-5.883,0.836,0
spotify:track:4Bj3usjRTckEJARO0dLbDf,Kokain,"[Bonez MC, RAF Camora, Gzuz]",80,0.677,0.543,170.117,0.363,0.231,0.0,4,0.615,5,209232,-7.906,0.608,0
spotify:track:2SRVj6ceeIffVEm9NFyRHI,Nummer unterdrückt,"[Bonez MC, RAF Camora]",79,0.749,0.15,139.962,0.0881,0.2,0.00124,4,0.812,0,208795,-6.296,0.773,1
spotify:track:5UtiebKGhsSce9gX1qCqic,BONNIE & CLYDE,"[Loredana, Mozzik]",81,0.62,0.085,169.985,0.266,0.11,1.61e-05,4,0.792,8,175907,-4.832,0.637,0
spotify:track:4HIv1dRF270YMyfvuxnF0d,Risiko,"[Bonez MC, RAF Camora]",77,0.737,0.159,117.027,0.0931,0.155,0.407,4,0.772,5,223381,-7.211,0.229,1
spotify:track:4XHP5B63UsW0GniEx7oMHu,Ja Mann!,"[Bonez MC, RAF Camora]",75,0.749,0.0971,101.95,0.364,0.432,0.000118,4,0.748,8,188435,-7.645,0.386,1
spotify:track:6Cy4jkukjKnIqGYkU7xCeF,Kompanie,"[Bonez MC, RAF Camora, Hanybal]",75,0.65,0.12,109.88,0.189,0.171,1.97e-05,4,0.815,1,159127,-7.031,0.352,1
spotify:track:4JxvECbZ3Oes1eUrmhQNSH,Prominent,"[Bonez MC, RAF Camora]",75,0.557,0.101,93.996,0.234,0.558,0.0,4,0.671,11,158555,-7.71,0.414,0
spotify:track:0oZyouBDStcJEUbTmSfys2,Facetime,[Dardan],80,0.682,0.113,102.004,0.173,0.319,0.0,4,0.701,4,192947,-6.873,0.446,0
spotify:track:7kh5weCB2Jm19XOg1XtOpe,MoneyGram,[Luciano],78,0.796,0.148,160.037,0.216,0.0522,0.000369,4,0.781,0,157800,-6.174,0.575,1
spotify:track:3uMpllxUKlpuXHczoHJ0U5,Von ihnen gelernt,"[Bonez MC, RAF Camora]",74,0.7,0.126,115.948,0.0417,0.122,0.000284,4,0.636,4,232124,-6.445,0.237,0
spotify:track:6XjEOPgbgHKcaHcunEHSJJ,UFF,"[Veysel, Gzuz]",79,0.828,0.314,139.972,0.232,0.041,0.0,4,0.815,4,167627,-3.559,0.311,1
spotify:track:2eNSyVH3sNPiAj9WpRYK73,Dior 2001,[RIN],71,0.699,0.123,76.854,0.143,0.0117,0.093,4,0.43,1,192941,-5.892,0.473,1
spotify:track:2x2rt9LTpn2ofDPWnzRmgV,Alien,"[Bonez MC, RAF Camora]",74,0.577,0.148,104.711,0.267,0.352,0.0389,4,0.677,2,214381,-7.955,0.166,1
spotify:track:5d35jcJj7WjDQBOHCHPY6t,Melodien (feat. Juju),"[Capital Bra, Juju]",80,0.529,0.0944,100.262,0.143,0.0849,0.0,4,0.751,11,159518,-7.407,0.33,0
spotify:track:610WYIsrvfJyEXTbtz45Mm,100,"[Bonez MC, RAF Camora, Trettmann, KitschKrieg]",74,0.464,0.0724,93.013,0.452,0.263,0.0,4,0.703,0,218633,-9.282,0.726,1
spotify:track:3nwG4L1J4a8MXq4R01Hilb,Inshallah (feat. Capital Bra),"[Bushido, Capital Bra]",76,0.759,0.125,159.228,0.309,0.101,0.0,4,0.54,9,173299,-4.874,0.272,0
spotify:track:2GZclC05PpJPT3JZbFgywD,MDMA,"[Bonez MC, RAF Camora]",73,0.558,0.194,122.113,0.349,0.305,0.00063,3,0.63,9,186374,-9.043,0.295,0
spotify:track:6AeDcN4Qqe71Jp4p46uyID,Nein,"[Bonez MC, RAF Camora]",72,0.749,0.102,172.061,0.0625,0.168,0.00967,4,0.594,1,194987,-6.017,0.533,0
spotify:track:2ScbGzrUTiywyaUS1MRUTJ,Krimineller,"[Bonez MC, RAF Camora, Kontra K]",72,0.77,0.136,112.997,0.169,0.503,0.000668,4,0.819,4,187503,-6.581,0.505,0
spotify:track:2HZDTyDJw4bFK9VQd75m9B,Prophezeit,"[Bonez MC, RAF Camora]",71,0.799,0.248,158.981,0.14,0.268,1.92e-05,5,0.496,10,162291,-5.499,0.261,0
spotify:track:214Mx6MSJhtaO1uPtZGqLH,Copacabana,"[Leon Machère, Stard Ova, KALUMA]",77,0.849,0.156,97.893,0.24,0.0598,0.0,4,0.735,2,209407,-5.709,0.623,1
spotify:track:0jB0RNZIfaihaDKNmdrI40,Casanova,"[Summer Cem, Bausa]",77,0.588,0.117,143.971,0.0721,0.0971,0.0,4,0.709,1,206813,-4.461,0.195,1
spotify:track:4IAVIBh9jbYN30DwpHFMD4,INTERNATIONAL GANGSTAS,"[Farid Bang, Capo, 6ix9ine, SCH]",77,0.622,0.099,148.04,0.203,0.0965,0.0,4,0.74,1,286280,-6.297,0.393,1
spotify:track:0VNlBq4JKqvlIlveSwC4WJ,Mercedes,[Eno],77,0.782,0.104,77.511,0.258,0.381,0.0,4,0.775,6,208000,-6.435,0.802,1
spotify:track:60upMX2FTSSL76cg5ztvGA,Roadrunner,[Samra],73,0.733,0.178,103.856,0.457,0.14,0.0,4,0.68,2,172067,-5.618,0.614,0
spotify:track:5psDugCQ2V8uayDeSuTvdD,"Immer wenn wir uns sehn (""Das schönste Mädchen der Welt"", Soundtrack)","[LEA, Cyril]",76,0.779,0.16,169.796,0.26,0.397,0.0,4,0.582,1,185013,-4.797,0.468,0
spotify:track:5SjeePcIepdfjKVHM3tfw1,Chaya (feat. Trettmann),"[Nura, Trettmann]",73,0.569,0.113,100.06,0.0612,0.11,0.0,4,0.824,9,156080,-5.972,0.239,0
spotify:track:3yhaXZury9ZUpfXvdvuWiB,Vagabund,[Bausa],76,0.557,0.0812,102.94,0.0536,0.224,0.000587,4,0.894,2,153188,-7.655,0.651,1
spotify:track:0tp6mwUt99QnfY95T30Lqj,Blah Blah Blah,[Armin van Buuren],69,0.963,0.294,103.406,0.0682,0.00882,0.00357,3,0.378,5,183519,-3.911,0.16,0
spotify:track:4mGxpq4nAOz9ZHe7GmPcgO,BlaBla,"[Azzi Memo, Nimo]",61,0.788,0.0938,111.975,0.248,0.0366,3.41e-06,4,0.852,6,216717,-6.369,0.524,1
spotify:track:3DGar7krWlmrXRFHBcQF6z,Whenever (feat. Conor Maynard),"[Kris Kross Amsterdam, The Boy Next Door, Conor Maynard]",85,0.765,0.231,109.989,0.0621,0.151,0.0,4,0.734,7,163636,-5.562,0.518,1
spotify:track:4PMkSxnB7s6930ScKATKLa,Malle,"[Eno, XATAR]",69,0.727,0.093,139.792,0.383,0.0413,0.0,4,0.783,5,181714,-8.332,0.742,1
spotify:track:0eKKoqxVuKTQAfzNXlCeCD,Für Euch alle (feat. Samra & Capital Bra),"[Bushido, Samra, Capital Bra]",63,0.588,0.0874,159.975,0.509,0.0627,2.59e-06,4,0.716,11,258400,-6.457,0.368,0
spotify:track:5qFeMRz4TvetPmzjre9Dq7,No Es Justo,"[J Balvin, Zion & Lennox]",86,0.811,0.0871,87.866,0.0714,0.161,0.000363,4,0.684,7,250840,-4.494,0.721,1
spotify:track:6oGQpaoaJd2tnVob3zi8S4,Aerolínea Carrillo,"[T3R Elemento, Gerardo Ortiz]",81,0.561,0.198,114.405,0.0318,0.337,0.0,3,0.669,1,174276,-6.613,0.867,1
spotify:track:62o8KoI44JfN7aYxgTnPvh,Mala Mía,[Maluma],89,0.752,0.232,180.049,0.345,0.31,0.0,4,0.749,6,183753,-4.883,0.901,1
spotify:track:3RD0PGolM0mETGHaprwgMn,Culpables,[Manuel Turizo],84,0.31,0.198,177.601,0.296,0.94,5.65e-06,4,0.573,3,233930,-11.134,0.764,1
spotify:track:7DrluKkTviBwCc8AV3VGmf,Clandestino,"[Shakira, Maluma]",88,0.822,0.349,165.842,0.16,0.39,3.37e-05,4,0.766,1,231921,-4.126,0.881,0
spotify:track:00EPIEnX1JFjff8sC6bccd,No Me Acuerdo,"[Thalía, Natti Natasha]",87,0.799,0.092,94.033,0.0873,0.187,0.0,4,0.836,7,217653,-4.247,0.772,0
spotify:track:2ijef6ni2amuunRoKTlgww,Sin Pijama,"[Becky G, Natti Natasha]",90,0.745,0.104,94.014,0.0464,0.354,2.93e-05,4,0.791,11,188560,-3.695,0.82,0
spotify:track:63USmok1OioBzKuWGW9wAg,Nunca Es Suficiente,"[Los Angeles Azules, Natalia Lafourcade]",62,0.518,0.0891,94.001,0.0406,0.398,0.0,4,0.789,2,266213,-5.417,0.78,0
spotify:track:6rbhaJsE4uLzpPf8WYSHDK,Asesina,"[Brytiago, Darell]",88,0.663,0.114,94.215,0.27,0.614,0.0,4,0.845,10,187213,-5.233,0.508,0
spotify:track:6o8ogTrSX8H0F66Pdz3Tsc,Baby Girl (feat. Lalo Ebratt),"[Mario Bautista, Lalo Ebratt]",79,0.705,0.202,103.009,0.199,0.0275,0.000138,4,0.804,1,218470,-5.272,0.45,1
spotify:track:1Cxd4ZJJ9VOQQpNcpdcZEQ,Cuando Nadie Ve,[Morat],83,0.788,0.215,96.005,0.0598,0.118,0.0,4,0.804,1,219184,-4.586,0.837,0
spotify:track:2QmsKag0YaqhAbpR9Nwmpn,Epa Wei,[Danny Ocean],83,0.82,0.091,107.833,0.155,0.233,0.0,4,0.688,6,208254,-4.715,0.804,0
spotify:track:1LO951RWD10l9Vys0NrFty,No Te Contaron Mal,[Christian Nodal],77,0.57,0.143,163.2,0.0374,0.388,0.0,4,0.617,9,156947,-3.074,0.632,0
spotify:track:0VKkyBKCXyR99navhVRqcP,La Player (Bandolera),[Zion & Lennox],86,0.838,0.0935,93.996,0.0633,0.16,0.0,4,0.769,2,249609,-5.238,0.602,1
spotify:track:0mAGeks6ns4FZWBPkjD9HR,La Mujer Perfecta,[KURT],76,0.488,0.109,155.11,0.0669,0.242,8.09e-06,4,0.824,9,217907,-9.112,0.878,1
spotify:track:1uKjQoh8JZj9ryuYRhpd7E,Ahora Te Puedes Marchar,[Luis Miguel],78,0.877,0.0627,133.263,0.0427,0.148,2.36e-06,4,0.78,6,191973,-3.683,0.909,0
spotify:track:0oCSitNlzsQfuIapF9tXRQ,A Través Del Vaso,[Grupo Arranke],77,0.694,0.347,143.851,0.0297,0.358,1.31e-05,3,0.612,5,188662,-2.979,0.92,1
spotify:track:3IPJg1sdqLj12kFIndaonN,No Hay Nadie Más,[Sebastian Yatra],79,0.379,0.106,105.108,0.0339,0.861,0.0,4,0.695,6,199733,-9.096,0.808,1
spotify:track:2r77vqSZkOktTSgmAOoHsV,Chica Paranormal,[Paulo Londra],84,0.596,0.0897,139.937,0.0918,0.216,0.0,4,0.84,6,221214,-4.319,0.71,0
spotify:track:3TnhQSRwT3AVMdXw5JPq0x,Nena Maldicion (feat. Lenny Tavarez),"[Paulo Londra, Lenny Tavárez]",83,0.631,0.146,118.969,0.0544,0.178,0.0,4,0.762,6,228875,-4.837,0.379,1
spotify:track:5OUGSwa2eadrcAsMdUItmO,Mejor Me Alejo,[Banda Sinaloense MS de Sergio Lizárraga],69,0.378,0.106,124.084,0.0431,0.206,3.95e-06,4,0.823,0,201960,-6.906,0.54,1
spotify:track:2alIsNw1mqEShbWyO1HXZZ,Por Perro,"[Sebastian Yatra, Luis Figueroa, Lary Over]",77,0.762,0.0852,172.009,0.0501,0.429,0.0,4,0.684,0,245440,-5.18,0.892,1
spotify:track:6jA8JUuPCGYjFcgw0AoM5T,Me Niego,"[Reik, Ozuna, Wisin]",86,0.779,0.636,94.023,0.0972,0.0543,0.0,4,0.777,0,221653,-4.449,0.768,0
spotify:track:7nD2JPaxIKUdxd2UWgnaGL,Toda - Remix,"[Alex Rose, Rauw Alejandro, Cazzu, Lenny Tavárez, Lyanno]",87,0.452,0.0672,80.04,0.124,0.16,0.0,4,0.512,5,367680,-7.217,0.364,0
spotify:track:6De0lHrwBfPfrhorm9q1Xl,Me Rehúso,[Danny Ocean],83,0.804,0.0494,104.823,0.0677,0.0231,0.0,4,0.744,1,205715,-6.327,0.426,1
spotify:track:45sVRPegWSGpIcsrDoaaCY,En Peligro de Extinción,[La Adictiva Banda San José de Mesillas],76,0.483,0.241,123.566,0.0281,0.219,2.33e-06,4,0.709,0,234198,-3.734,0.834,1
spotify:track:1j6xOGusnyXq3l6IryKF3G,Déjala Que Vuelva (feat. Manuel Turizo),"[Piso 21, Manuel Turizo]",74,0.788,0.0753,170.019,0.0785,0.0482,0.0,4,0.681,1,220117,-4.323,0.839,1
spotify:track:4QtiVmuA88tPQiCOHZuQ5b,"1, 2, 3 (feat. Jason Derulo & De La Ghetto)","[Sofia Reyes, Jason Derulo, De La Ghetto]",85,0.895,0.0501,94.968,0.0589,0.165,0.0,4,0.792,1,201526,-3.112,0.794,0
spotify:track:7BwxbmYFy0l3ROHDjV2c14,Culpable O No - Miénteme Como Siempre,[Luis Miguel],76,0.367,0.0433,70.276,0.0277,0.0367,0.0,4,0.54,0,237240,-14.238,0.252,1
spotify:track:442ctQ3OBBk8aMo3Ma3wRX,Culo,"[Bizzey, Frenna, KM, Ramiks]",79,0.854,0.322,174.054,0.111,0.119,0.00408,4,0.689,8,196638,-3.602,0.796,1
spotify:track:4kuexchmxuc5NXmokfo1WH,Verleden Tijd,"[Frenna, Lil' Kleine]",81,0.661,0.114,104.884,0.0916,0.131,5.45e-06,4,0.771,10,195469,-6.718,0.183,1
spotify:track:27NrAjsDk7GoH6ybEXkrC5,RATATA,[Boef],73,0.514,0.156,180.059,0.309,0.139,0.0,4,0.789,7,170812,-7.788,0.29,1
spotify:track:3XfnssSD9HMQ9LhVOJvXTE,Djadja,[Aya Nakamura],81,0.698,0.113,97.985,0.244,0.117,0.0,4,0.832,5,170160,-6.215,0.559,1
spotify:track:5dTXWGmCg3hQ9SmHBJdcIr,Ik Heb Je Nodig,"[Kraantje Pappie, Bizzey, Jonna Fraser]",72,0.696,0.15,110.013,0.0642,0.369,0.0,4,0.758,5,187635,-6.487,0.669,1
spotify:track:0cvgns9yWdycXStdjLzoZT,SLIDE,"[Caza, Famke Louise]",75,0.753,0.132,96.99,0.0504,0.0388,1.03e-06,4,0.747,4,112864,-5.703,0.724,0
spotify:track:2dQRE94tqhBoxpe9tGcRrq,Lief Zoals Je Bent,[Maan],72,0.655,0.0884,77.033,0.0976,0.152,0.0,4,0.874,2,171546,-4.479,0.646,0
spotify:track:2rzZ0IGxgrGUAPwrWn80z7,Duurt Te Lang,[Davina Michelle],77,0.444,0.0905,173.707,0.196,0.127,0.0,4,0.638,7,153527,-14.221,0.151,1
spotify:track:4ut5G4rgB1ClpMTMfjoIuy,High On Life (feat. Bonn),"[Martin Garrix, Bonn]",86,0.486,0.111,128.038,0.0311,0.0129,0.0,4,0.414,6,230762,-6.431,0.368,0
spotify:track:3aMI0cu9YaZfyJTJMS89Ey,lil mama,"[Idaly, Josylvio]",71,0.571,0.0407,101.989,0.196,0.0664,0.0,4,0.904,6,145363,-6.026,0.744,0
spotify:track:4sfdFMNDcc0Aw9DuwEksAn,wine slow - Remix,"[Idaly, Ronnie Flex, Famke Louise, Bizzey]",73,0.733,0.0878,96.015,0.0595,0.306,0.147,4,0.817,5,225175,-6.84,0.801,1
spotify:track:77wz2VtAwxAwYOGTJrZBKT,"Miljonair (feat. SBMG, Lil' Kleine, Boef & Ronnie Flex)","[$hirak, SBMG, Boef, Lil' Kleine, Ronnie Flex]",74,0.658,0.305,125.186,0.162,0.579,0.0,4,0.704,7,189514,-5.534,0.715,0
spotify:track:4n95vv8aHIvkLPIElA19C9,Capuchon,[Frenna],70,0.696,0.12,70.722,0.354,0.0207,0.0,3,0.527,6,163794,-6.085,0.531,0
spotify:track:51PcB5453BMTM18V0hru79,J'ai Déconné,"[Latifah, Clandistino]",70,0.746,0.0879,121.917,0.0392,0.262,1.84e-05,4,0.709,6,168219,-6.177,0.623,0
spotify:track:4keoy2fqgwGnbWlm3ZVZFa,Happy Now,"[Zedd, Elley Duhé]",89,0.741,0.0712,88.335,0.047,0.579,1.49e-06,3,0.503,4,207030,-5.128,0.458,1
spotify:track:11kUvSPQThp2rjB3tAs3W9,Stap Voor Stap,"[Kav Verhouzer, Sjaak]",71,0.901,0.0865,124.038,0.157,0.00697,9.97e-05,4,0.897,11,163987,-3.733,0.897,0
spotify:track:2MpMTupx2EEb2yEQvGeLxh,Killer Instinct,"[Josylvio, Appa, Momi]",65,0.795,0.298,159.962,0.329,0.135,0.0,4,0.818,4,240785,-5.143,0.782,1
spotify:track:4WzSIyaECvZRKWce4RioND,Intro,"[Josylvio, Moeman]",66,0.628,0.0829,113.53,0.356,0.0589,0.0,5,0.822,6,181185,-5.823,0.598,1
spotify:track:2tE91SF5e1xY20syeIaKBh,LA VIDA LOCA,"[Jonna Fraser, SBMG]",68,0.702,0.137,104.966,0.271,0.239,0.0,4,0.857,8,176226,-6.835,0.651,0
spotify:track:1snWlbcbgQpJfknoI30DWG,Darkside,"[Alan Walker, Au/Ra, Tomine Harket]",86,0.642,0.118,170.008,0.0502,0.164,0.0,4,0.425,4,211867,-5.06,0.112,0
spotify:track:7iQKG3ZjRF4EEhUulo514R,Drama,"[Bizzey, Boef]",71,0.751,0.125,99.964,0.0645,0.119,0.0337,4,0.883,4,176550,-4.718,0.726,1
spotify:track:4kWO6O1BUXcZmaxitpVUwp,Jackie Chan,"[Tiësto, Dzeko, Preme, Post Malone]",90,0.834,0.0586,128.005,0.045,0.374,0.0,4,0.747,3,215760,-2.867,0.687,0
spotify:track:2A5bn4VNEw2xWGWk2SQeaO,Liefde In De Lucht,"[Kraantje Pappie, Joshua Nolet]",56,0.699,0.106,81.013,0.117,0.138,0.0,4,0.748,2,213037,-6.457,0.849,1
spotify:track:5tyKjCpbeWHXEfXH6bMz0C,Ik Zweer Het Je,"[Young Ellens, 3robi, Esko]",67,0.777,0.0922,120.027,0.168,0.012,0.0,4,0.969,11,150338,-4.35,0.883,1
spotify:track:7apizLyhMRutg3ccXvr2qv,Hurt Somebody,"[Noah Kahan, Julia Michaels]",62,0.559,0.262,114.983,0.313,0.338,0.0,4,0.633,6,168640,-5.135,0.473,1
spotify:track:0X46CPFsAMAPobzEgEhQAm,"My Money (feat. Bokoesam, Bizzey & Dopebwoy)","[$hirak, Bizzey, Dopebwoy, Bokoesam]",69,0.42,0.356,99.956,0.282,0.0226,7.67e-06,4,0.895,7,180687,-6.669,0.253,1
spotify:track:2a01mRS1QctP7EvmMFoPee,Hoe Je Bent,"[Broederliefde, Frenna]",64,0.85,0.0959,125.95,0.0982,0.153,0.000744,4,0.811,4,196113,-5.939,0.722,1
spotify:track:76OfzNtY3nG5hCnh5COSjt,LIT,"[SBMG, Boef]",70,0.772,0.251,100.076,0.363,0.0166,0.0,4,0.913,7,204410,-8.009,0.681,1
spotify:track:1c7Kh2uMMxG7k4QqNjjg95,Hey Meisje,"[Esko, Josylvio, Hansie]",69,0.808,0.0652,95.087,0.073,0.329,0.0183,4,0.756,1,197290,-2.557,0.889,0
spotify:track:2jt2WxXMCD4zjACthkJQVE,The Ringer,[Eminem],87,0.551,0.192,118.552,0.291,0.0311,0.0,4,0.939,1,337941,-9.126,0.42,1
spotify:track:58QhkbaAkLFnn7JwAnAato,Fall,[Eminem],86,0.546,0.112,182.973,0.295,0.227,0.0,4,0.83,1,262494,-5.716,0.535,1
spotify:track:28FGV3ORH14MYORd7s5dlU,Not Alike (feat. Royce Da 5'9),"[Eminem, Royce Da 5'9""]",85,0.756,0.339,140.005,0.32,0.0692,0.0,4,0.904,10,288087,-3.746,0.342,1
spotify:track:2XTquzYQAdT1Hk78bOUwsv,Greatest,[Eminem],84,0.737,0.341,80.025,0.108,0.0441,0.0,4,0.809,1,226938,-5.186,0.367,1
spotify:track:7q8cy4uoA2itYATsKeXhcq,Multi Millionaire (feat. Lil Uzi Vert),"[Lil Pump, Lil Uzi Vert]",78,0.82,0.168,146.01,0.0983,0.023,0.0,4,0.855,1,170959,-3.813,0.721,1
spotify:track:5h8VHxOBK1VWWj46T8fSly,TELÉFONO,[Aitana],82,0.829,0.0698,172.161,0.158,0.102,0.000177,4,0.691,11,163294,-4.627,0.564,0
spotify:track:6xLvYhLOW2oETJoZv8ChU8,Mujeres,"[Mozart La Para, Justin Quiles]",80,0.767,0.261,99.972,0.0686,0.204,7.93e-05,4,0.835,1,187667,-5.699,0.71,0
spotify:track:1h9P5WJwyvK8OB7O2YiXgp,Ibiza,"[Ozuna, Romeo Santos]",87,0.71,0.108,192.046,0.334,0.254,0.0,4,0.691,5,200747,-5.144,0.726,1
spotify:track:1he4G9w0zh5GokInpOSINW,Ni La Hora,"[Ana Guerra, Juan Magán]",78,0.789,0.179,90.054,0.101,0.235,0.0,4,0.789,0,198407,-2.738,0.958,1
spotify:track:79HTe42PihWUUq4BDjcuCq,Usted,"[Juan Magán, Mala Rodríguez]",79,0.833,0.273,104.879,0.0618,0.0155,0.0,4,0.712,0,233749,-4.101,0.326,1
spotify:track:2A2Q4CYBcVvBF2OqgJ3OWX,Ya No Quiero Ná,[Lola Indigo],77,0.467,0.0803,129.016,0.173,0.12,7.6e-05,4,0.846,2,192975,-7.178,0.367,1
spotify:track:4S6gJt4RYR34t4sjW8wEah,Lo siento,[Beret],77,0.407,0.138,79.839,0.0446,0.576,0.0,4,0.419,11,229939,-9.011,0.309,0
spotify:track:2KK9N6iBAisA0booTu3bGd,Déjala Que Baile,"[Melendi, Alejandro Sanz, Arkano]",77,0.777,0.0796,95.973,0.174,0.356,0.0,4,0.831,11,219600,-4.456,0.598,0
spotify:track:4txQPJDlvU72lC6EMhT7m9,Qué Tienes Tú,"[Dvicio, Jesús Reik, Mau y Ricky]",77,0.836,0.166,91.984,0.0592,0.0811,4.21e-06,4,0.744,2,212348,-3.267,0.524,1
spotify:track:3joo84oco9CD4dBsKNWRRW,Bien Duro,[C. Tangana],76,0.67,0.1,101.028,0.207,0.163,0.0242,4,0.845,7,182541,-5.873,0.69,1
spotify:track:6WSAPEkvEfcEUgSTAo1D3S,Vuelve,"[Sebastian Yatra, Beret]",80,0.474,0.135,77.811,0.052,0.559,0.0,4,0.716,11,224013,-6.714,0.302,1
spotify:track:0sPTfDSZgE3KvcvqaKPtEx,Tanta Falta,[Bryant Myers],83,0.728,0.2,89.999,0.0916,0.135,1e-06,4,0.856,7,181093,-3.497,0.797,1
spotify:track:38mCl4EuWhML4eaZPdNQ3a,Él no soy yo,[Blas Cantó],62,0.727,0.115,120.003,0.0324,0.00953,0.0,4,0.67,1,279240,-7.679,0.405,0
spotify:track:5zOAudPQIs5U8zP6LQGHmH,MALAMENTE - Cap.1: Augurio,[ROSALÍA],76,0.483,0.0737,98.057,0.0881,0.565,0.0137,4,0.895,5,149450,-4.709,0.52,0
spotify:track:2wRkBumdItthjYP9XknImg,Está Rico,"[Marc Anthony, Will Smith, Bad Bunny]",84,0.74,0.0992,130.04,0.283,0.266,0.0,4,0.817,11,215151,-4.566,0.674,0
spotify:track:5bITfqKGaPakO1l99hOMsI,No Quiero Amarte (feat. Zion & Lennox),"[Justin Quiles, Zion, Lennox]",83,0.793,0.0658,89.961,0.0454,0.128,0.0,4,0.734,6,235315,-4.731,0.511,1
spotify:track:1BFmBgVOnLy3Ekrxz1lBOK,La Cintura,[Alvaro Soler],79,0.845,0.358,100.015,0.0692,0.0201,0.0,4,0.706,6,204653,-4.102,0.742,0
spotify:track:17UUYZ290omPaJY4wKeyHh,Me Dijeron,[Ozuna],84,0.841,0.291,94.021,0.0524,0.0273,0.0,4,0.8,5,170133,-2.817,0.798,0
spotify:track:44IIAzBwV82xskUzJSvXNe,Dracukeo,[Kidd Keo],74,0.628,0.0843,130.076,0.185,0.279,0.0,4,0.871,1,156003,-5.596,0.281,1
spotify:track:7chjOPhoxbpRYSrO1rvdnu,5 Sentidos,"[Dvicio, Taburete]",74,0.735,0.116,175.913,0.0473,0.0961,0.0,4,0.644,5,209954,-5.499,0.664,1
spotify:track:6JjPBQfI2Y8nIjnm65X6Pw,X - Remix,"[Nicky Jam, J Balvin, Maluma, Ozuna]",86,0.696,0.0778,180.113,0.103,0.0561,3.77e-05,4,0.663,9,235747,-4.957,0.738,0
spotify:track:5e45GhSF18JYoLpaq2F48h,"Azukita (Steve Aoki, Daddy Yankee, Play-N-Skillz & Elvis Crespo)","[Steve Aoki, Daddy Yankee, Play-N-Skillz, Elvis Crespo]",79,0.942,0.0581,130.019,0.107,0.00175,0.000461,4,0.715,8,226162,-2.889,0.818,1
spotify:track:38QmUDpkoYlNbMKvpvAsrE,Mi Cama - Remix,"[Karol G, J Balvin, Nicky Jam]",84,0.784,0.0958,162.958,0.0738,0.299,0.0,4,0.815,9,196320,-4.423,0.832,1
spotify:track:6XBjCetHKdO5L9cwMDVffw,Hipócrita,"[Anuel Aa, Zion]",86,0.858,0.61,92.05,0.0471,0.303,0.0,4,0.79,2,192000,-2.78,0.79,1
spotify:track:0qKxqVcFCMmrjjvIgjjEE6,PIENSO EN TU MIRÁ - Cap.3: Celos,[ROSALÍA],75,0.685,0.0922,164.555,0.0849,0.0931,0.0257,3,0.657,8,193138,-5.735,0.407,1
spotify:track:5BQrp63SHCVf4bzCzJePne,Don't Cry (feat. XXXTENTACION),"[Lil Wayne, XXXTENTACION]",86,0.709,0.183,111.913,0.319,0.409,0.0,4,0.585,8,249450,-6.072,0.21,1
spotify:track:0Fpen1PTuEnCmOJtUU9Iud,New Patek,[Lil Uzi Vert],88,0.785,0.155,145.063,0.345,0.0367,0.0,4,0.85,8,343099,-4.963,0.718,0
spotify:track:3wScL5W8H40zzCKN0atfBk,Uproar,"[Lil Wayne, Swizz Beatz]",86,0.87,0.299,99.075,0.212,0.0595,0.0,4,0.743,1,194184,-2.188,0.884,1
spotify:track:6vN77lE9LK6HP2DewaN6HZ,Yes Indeed,"[Lil Baby, Drake]",88,0.346,0.108,119.958,0.53,0.035,0.0,4,0.964,5,142273,-9.309,0.562,0
spotify:track:0CBQ0m3mufWH75LTYB3s6h,Let It Fly (feat. Travis Scott),"[Lil Wayne, Travis Scott]",84,0.819,0.106,89.0,0.317,0.0414,0.0,4,0.902,1,186872,-3.321,0.746,1
spotify:track:0ZNrc4kNeQYD9koZ3KvCsy,"BIG BANK (feat. 2 Chainz, Big Sean, Nicki Minaj)","[YG, 2 Chainz, Big Sean, Nicki Minaj]",86,0.346,0.0881,203.911,0.331,0.00552,0.0,4,0.745,1,237240,-7.709,0.112,1
spotify:track:7AQim7LbvFVZJE3O8TYgf2,Fuck Love (feat. Trippie Redd),"[XXXTENTACION, Trippie Redd]",89,0.533,0.103,131.036,0.0412,0.0172,0.000152,4,0.797,0,146520,-9.74,0.329,0
spotify:track:0XySogm94T51XF5F2jumXm,All Girls Are The Same,[Juice WRLD],87,0.529,0.0856,161.989,0.307,0.0769,0.000335,4,0.671,0,165820,-7.226,0.203,1
spotify:track:29tc0GbW0pTSBZSCZF3NWk,Lean Wit Me,[Juice WRLD],87,0.651,0.0896,163.935,0.156,0.0414,0.0,4,0.665,1,175755,-5.515,0.237,1
spotify:track:7AFASza1mXqntmGtbxXprO,changes,[XXXTENTACION],90,0.308,0.0984,64.934,0.029,0.883,0.0,4,0.669,11,121887,-10.068,0.52,1
spotify:track:3swc6WTsr7rl9DqQKQA55C,Psycho (feat. Ty Dolla $ign),"[Post Malone, Ty Dolla $ign]",89,0.559,0.112,140.124,0.117,0.58,0.0,4,0.739,8,221440,-8.011,0.439,1
spotify:track:0Y7di9ZCmB6Elad5WISaPc,Dedicate,[Lil Wayne],82,0.662,0.716,117.975,0.309,0.033,0.0,4,0.879,2,189909,-6.162,0.723,1
spotify:track:5nzhL67GpF9szXWg5y509A,Close Friends (Lil Baby & Gunna),[Lil Baby],82,0.585,0.0789,158.953,0.366,0.044,0.0,4,0.665,10,203881,-5.077,0.658,0
spotify:track:7wBJfHzpfI3032CSD7CE2m,STARGAZING,[Travis Scott],88,0.789,0.189,150.007,0.044,0.00947,4.05e-06,4,0.487,8,270715,-3.69,0.0564,1
spotify:track:6DCZcSspjsKoFjzjrWoCdn,God's Plan,[Drake],90,0.449,0.552,77.169,0.109,0.0332,8.29e-05,4,0.754,7,198973,-9.211,0.357,1
spotify:track:5CjZeDa5scmZvECHgzhbJT,No mercy,[Asme],71,0.363,0.112,147.985,0.165,0.483,0.0,4,0.894,9,201081,-12.344,0.713,0
spotify:track:6FbT10v1L4LE8f6YReBTVH,Behave,[Benjamin Ingrosso],69,0.685,0.112,124.982,0.0336,0.677,0.0,4,0.68,8,200093,-5.819,0.757,0
spotify:track:4J4zx8xGJpuGndrVc06KaT,Diamond Heart,"[Alan Walker, Sophia Somajo]",86,0.638,0.631,89.98,0.0438,0.129,0.0,4,0.499,0,239835,-6.145,0.253,1
spotify:track:7CYKovD8hNKg0w902IASMi,Sand,[Molly Sandén],70,0.3,0.309,114.741,0.0338,0.768,0.0,4,0.68,10,181280,-8.419,0.393,1
spotify:track:5an6BWQDhw4FnjZhdyOFuL,Kär i din kärlek - Recorded at Spotify Studios Stockholm,[Molly Sandén],69,0.5,0.343,183.964,0.188,0.0564,7.28e-06,4,0.653,10,204080,-9.39,0.593,0
spotify:track:0VchObTqyNU0oWVBjLTSVh,Auf wiedersehen,[Hov1],69,0.778,0.0824,78.853,0.26,0.3,0.0,4,0.659,9,173769,-5.125,0.591,1
spotify:track:6IhosQhN1ayHO4XP72XFXy,High With Somebody,"[Sandro Cavazza, P3GI-13]",71,0.644,0.152,115.906,0.0813,0.0242,0.000118,4,0.785,5,174666,-7.856,0.789,1
spotify:track:1U9TNHyH61eVXxR5BXls2v,Gäller,"[Z.E, Jiggz, Thrife]",68,0.597,0.0869,100.097,0.301,0.442,9.35e-05,4,0.841,8,182400,-11.826,0.693,1
spotify:track:61y2if48ZwPk4V2z2CqRVs,Kevin Gates,[Yasin],65,0.684,0.0564,126.96,0.185,0.0951,0.0,4,0.839,1,168132,-5.4,0.516,1
spotify:track:0L1dQD7v94waLO2azsFvbw,Om du lämnar mig nu,[Norlie & KKV],65,0.759,0.0597,102.158,0.0375,0.0199,0.0,4,0.637,7,202353,-5.255,0.373,0
spotify:track:3Z8aeHLWgXEeKKragzSJRf,Dom vet de vi,[K27],68,0.503,0.118,105.0,0.175,0.653,0.0,4,0.722,10,157738,-9.595,0.704,0
spotify:track:5CjIVxNTlIA1OuIAk7juR1,Still - Recorded at Spotify Studios Stockholm,[Hov1],68,0.765,0.133,101.868,0.0584,0.416,0.0,4,0.613,1,218153,-5.755,0.452,1
spotify:track:6Pgkp4qUoTmJIPn7ReaGxL,Without You (feat. Sandro Cavazza),"[Avicii, Sandro Cavazza]",83,0.863,0.0406,134.004,0.0457,0.0018,0.0,4,0.653,2,181673,-4.799,0.276,1
spotify:track:4M3FO0ji6Lc8vwD1sgf1nc,Born To Be Yours,"[Kygo, Imagine Dragons]",42,0.709,0.0979,114.02,0.0371,0.29,0.0,4,0.681,3,193320,-5.808,0.456,1
spotify:track:5GC6b6Ukc7PfwG8VfYO3ar,Mer för varandra,"[Norlie & KKV, estrad]",68,0.656,0.105,85.993,0.101,0.451,0.0,4,0.665,6,206000,-7.541,0.542,1
spotify:track:1aEU7mcRDTYBB4ASpqbjYE,Hon dansar vidare i livet,[Hov1],67,0.651,0.133,90.054,0.122,0.0267,0.0,4,0.655,8,248893,-7.063,0.782,1
spotify:track:1KrOTm6E95kLrOsbwutlFe,Positiv,[Z.E],67,0.539,0.161,95.905,0.405,0.751,0.0,4,0.774,11,184375,-12.121,0.846,0
spotify:track:5D1bAJqFnGauixWQS2TbYF,I'll Be Fine Somehow,[Benjamin Ingrosso],63,0.355,0.101,79.992,0.0432,0.786,1.99e-06,4,0.6,6,183907,-10.446,0.412,1
spotify:track:5b3kZVWSD08YzGHxpKJH6i,I Wouldn't Know,[Benjamin Ingrosso],59,0.765,0.267,101.018,0.069,0.176,8.1e-06,4,0.609,5,178493,-7.829,0.515,1
spotify:track:468ooECb1oRgt4gGfLeAoH,Aqua Aura,[Fricky],67,0.545,0.0817,143.964,0.0489,0.126,0.0,4,0.775,6,222000,-8.901,0.509,0
spotify:track:0MTItWyI0Zwujz0uJ2QP9i,So Good so Fine When You're Messing with My Mind,[Benjamin Ingrosso],63,0.711,0.0951,113.942,0.0338,0.164,8.86e-06,4,0.723,6,178400,-6.757,0.555,1
spotify:track:1csB4kgdyglOQdH0EyFIqy,Say Love,[James TW],78,0.457,0.355,84.038,0.0541,0.119,1.15e-06,4,0.753,1,219440,-7.533,0.549,1
spotify:track:4AMY0oGSt7vZwgxDnHCJBr,True Colors (feat. Maya Avedis),"[XO Cupid, Maya Avedis]",74,0.63,0.13,104.845,0.0346,0.0796,0.0,4,0.636,0,184020,-6.396,0.454,1
spotify:track:2BgD4nRyx9EZ5o8YEnjRSV,Kung 'Di Rin Lang Ikaw,"[December Avenue, Moira Dela Torre]",79,0.482,0.187,133.894,0.0288,0.161,0.0,4,0.502,4,267759,-4.736,0.132,1
spotify:track:0Eqg0CQ7bK3RQIMPw1A7pl,Malibu Nights,[LANY],81,0.422,0.0853,74.002,0.195,0.701,1.99e-06,4,0.559,11,286928,-11.89,0.191,1
spotify:track:7GbAp0HKPQW7WnFJAzMoRk,Thru These Tears,[LANY],79,0.517,0.149,119.945,0.0391,0.154,0.0,4,0.711,11,204516,-7.695,0.294,1
spotify:track:3WUEs51GpcvlgU7lehLgLh,Kathang Isip,[Ben&Ben],77,0.314,0.152,126.921,0.0301,0.776,4.76e-06,4,0.491,10,318814,-8.58,0.295,1
spotify:track:00mBzIWv5gHOYxwuEJXjOG,Sa Ngalan Ng Pag-Ibig,[December Avenue],77,0.761,0.148,155.981,0.0302,0.0846,0.0,4,0.518,7,285138,-3.905,0.282,1
spotify:track:7ArrTJ1LwcGAlEO65LUQ7i,I Don't Wanna Love You Anymore,[LANY],77,0.623,0.0858,104.974,0.0417,0.322,0.0,4,0.702,0,201198,-8.36,0.503,1
spotify:track:1X4l4i472kW5ofFP8Xo0x0,Sana,[I Belong to the Zoo],78,0.373,0.226,126.887,0.029,0.701,0.0,4,0.66,7,277099,-7.874,0.348,1
spotify:track:3D110t9ctcoOoylXsc3iR8,Thick And Thin,[LANY],76,0.551,0.0762,99.996,0.0282,0.059,0.0,4,0.697,5,212002,-6.179,0.339,0
spotify:track:4u8RkgV6P4TLi89SmlUtv8,Mundo,[IV Of Spades],75,0.401,0.0735,140.031,0.0376,0.176,8.66e-06,4,0.705,6,349713,-8.9,0.481,1
spotify:track:3coUcc0CDAHz2QwdP7Pee8,If You See Her,[LANY],74,0.679,0.0954,117.867,0.0861,0.0375,0.0,4,0.635,1,182901,-7.374,0.239,1
spotify:track:3VQb0rq27GPX92X53Ni1Lc,'Di Na Muli,[Janine Teñoso],74,0.561,0.0914,88.69,0.0517,0.192,0.0,4,0.413,1,207019,-3.092,0.352,1
spotify:track:2BgEsaKNfHUdlh97KmvFyo,2002,[Anne-Marie],84,0.683,0.137,96.133,0.117,0.0372,0.0,4,0.697,1,186987,-2.881,0.603,0
spotify:track:2Gh039ZAfydrM5IjiGlvEj,Akala,[Marion],72,0.185,0.105,125.044,0.0635,0.864,0.0,4,0.502,10,341168,-11.423,0.185,1
spotify:track:7aW2GrNlteWTwQZxX6LNjT,"Kahit Maputi Na Ang Buhok ko - From ""The Hows Of Us""",[Moira Dela Torre],71,0.273,0.207,200.777,0.0312,0.535,0.0,4,0.264,7,219690,-8.651,0.315,1
spotify:track:76cy1WJvNGJTj78UqeA5zr,IDGAF,[Dua Lipa],87,0.544,0.0824,97.028,0.0943,0.0403,0.0,4,0.836,7,217947,-5.975,0.51,1
spotify:track:0GHwNr0lqf8jpc9wesmnHo,Ex,[Callalily],72,0.381,0.086,157.332,0.0373,0.586,0.0,4,0.499,7,279259,-7.855,0.57,1
spotify:track:4zRZAmBQP8vhNPf9i9opXt,8 Letters,[Why Don't We],83,0.478,0.0928,88.979,0.031,0.649,0.0,4,0.607,1,190027,-5.702,0.255,0
spotify:track:6A9mMKHYdeUJGvQDKChC0C,Taking Me Back,[LANY],72,0.57,0.106,94.061,0.0419,0.04,0.0,4,0.689,5,194811,-6.728,0.524,0
spotify:track:0ztDBQdQmdVZvorSmIjMih,Tagpuan,[Moira Dela Torre],70,0.121,0.0788,135.268,0.0345,0.862,0.0,4,0.566,8,260240,-8.206,0.293,1
spotify:track:7DMPq3XndRJaj6NTINsLOz,Let Me Know,[LANY],71,0.391,0.127,94.971,0.0825,0.264,2.98e-06,4,0.696,11,276197,-8.306,0.65,0
spotify:track:2juRA8DhQePry4eb2LMUMM,Valentine's Day,[LANY],71,0.498,0.104,148.055,0.0335,0.13,0.0,4,0.545,8,217949,-8.764,0.063,1
spotify:track:0QXHHEi0rHMwmkxK5pvc05,Run,[LANY],71,0.382,0.102,109.977,0.0694,0.123,0.0,4,0.705,8,228192,-9.819,0.453,0
spotify:track:69vToJ9BMbbLlFZo7k7A7B,You Are The Reason,[Calum Scott],83,0.235,0.137,171.232,0.0299,0.918,0.0,3,0.331,10,204326,-7.7,0.218,1
spotify:track:5eFzCfsj3d0yWumdEldZwL,Midnight Sky,[UNIQUE],67,0.149,0.109,120.322,0.0409,0.904,3.77e-05,5,0.495,5,244427,-8.379,0.179,1
spotify:track:06cUybZMETs4i3yQO1f7p3,Weak,[Khel Pangilinan],73,0.373,0.156,127.064,0.0618,0.179,0.0,4,0.71,5,211200,-10.611,0.141,0
spotify:track:09IStsImFySgyp0pIQdqAc,The Middle,"[Zedd, Maren Morris, Grey]",88,0.657,0.112,107.01,0.0449,0.171,0.0,4,0.753,7,184732,-3.061,0.437,1
spotify:track:2hnxrRNzF74mdDzpQZQukQ,There's No Way (feat. Julia Michaels),"[Lauv, Julia Michaels]",88,0.625,0.157,147.02,0.0896,0.49,0.0,4,0.755,2,174861,-7.114,0.374,1
spotify:track:6NFKf8vBApSvtzkapYmnVR,Tadhana,[Up Dharma Down],69,0.322,0.0809,155.982,0.0369,0.165,0.0296,4,0.686,6,222447,-13.2,0.511,1
spotify:track:5nMKJJ5Rl6X1yn58aVeICO,Bulong,[December Avenue],71,0.728,0.0782,134.877,0.0313,0.0319,0.0,4,0.5,9,270233,-5.472,0.351,0
spotify:track:0Vmk6Ebk4QBq7r0VAz2a6s,Bakit Ba Ikaw,[Michael Pangilinan],70,0.48,0.112,119.903,0.0284,0.549,0.0,4,0.668,10,245587,-5.469,0.277,1
spotify:track:5uCax9HTNlzGybIStD3vDh,Say You Won't Let Go,[James Arthur],84,0.557,0.0902,85.043,0.059,0.695,0.0,4,0.358,10,211467,-7.398,0.494,1
spotify:track:4Is1b37KJY9XVCgzp81FBW,BAAM,[MOMOLAND],76,0.94,0.0864,127.051,0.0435,0.115,0.00431,4,0.725,5,208475,-2.32,0.905,0
spotify:track:2wTxJWt2gA9a1Z94dTnPiI,Oks Lang,[John Roa],69,0.237,0.0961,80.13,0.0451,0.855,0.000386,4,0.313,9,336369,-14.538,0.165,1
spotify:track:6wdCelHrPh7UfliNjwRTUv,Leaves,[Ben&Ben],68,0.16,0.0891,118.313,0.0372,0.913,0.0,3,0.447,6,310709,-10.896,0.205,1
spotify:track:7dV2UrZQ58Mn18u0V19S3Y,Torna a casa,[Måneskin],79,0.642,0.131,155.984,0.0651,0.443,0.0,4,0.568,1,230540,-3.189,0.46,0
spotify:track:4sYbBt781iAS2S76IeMwIG,Fumo Da Solo,[Izi],76,0.605,0.108,140.091,0.0544,0.0626,0.0,4,0.724,7,221571,-8.14,0.52,0
spotify:track:01MJgnPL3AuwmYQ4EbHzD7,Cambiare Adesso,[Dark Polo Gang],78,0.777,0.197,79.999,0.0587,0.279,1.47e-06,4,0.666,5,228975,-3.143,0.588,0
spotify:track:1YzlPeHWPU0JeM0u4ya5zj,90MIN,[Salmo],77,0.675,0.842,122.224,0.301,0.035,0.0,4,0.715,1,231907,-7.657,0.535,1
spotify:track:4mIJzlHwszGdvjhbOuAU6j,Fuoco e benzina,[Emis Killa],71,0.711,0.0986,79.92,0.112,0.0497,0.0,4,0.682,5,209180,-5.781,0.515,1
spotify:track:50Vy6DvEWNLDaQV5j9TdDS,Trap Phone (feat. Capo Plaza),"[Gue Pequeno, Capo Plaza]",70,0.664,0.296,118.032,0.0591,0.11,0.0,4,0.749,1,200533,-5.414,0.248,0
spotify:track:6gAySqc7QK27KEASxmc7Ag,Borsello (feat. Sfera Ebbasta & DrefGold),"[Gue Pequeno, Sfera Ebbasta, DrefGold]",75,0.584,0.208,154.028,0.226,0.36,0.0,4,0.77,2,202827,-7.453,0.625,0
spotify:track:3dCEtkAfWhk15bLAWZAKLy,D'estate non vale (feat. Ana Mena),"[Fred De Palma, Ana Mena]",77,0.748,0.0789,179.919,0.142,0.0852,0.0,4,0.658,11,157176,-5.802,0.69,0
spotify:track:0l8vhDaEztxLCQsFOAX64d,Pablo,"[Rvssian, Sfera Ebbasta]",76,0.663,0.115,140.016,0.0433,0.071,0.0,4,0.813,6,165942,-7.84,0.343,0
spotify:track:2Qe5XpRwGHFmMkZim0gRye,Rollercoaster,[Emis Killa],74,0.862,0.06,104.056,0.162,0.0659,0.000235,4,0.766,11,207692,-4.191,0.779,1
spotify:track:1GZPzAyqLxOu9ANPIKMlCs,2% (feat. Frah Quintale),"[Gue Pequeno, Frah Quintale]",73,0.602,0.151,82.043,0.428,0.237,0.0,4,0.754,10,211840,-6.785,0.587,0
spotify:track:1Lq5ApqhIWUXzlryFX2K6J,Davide (feat. Coez),"[Gemitaiz, Coez]",74,0.63,0.207,126.006,0.0763,0.136,4.86e-06,4,0.797,5,206212,-7.601,0.761,1
spotify:track:60oJSn5MTG2VNvCJKwd65M,Cascare nei tuoi occhi,[Ultimo],75,0.46,0.0896,67.983,0.104,0.541,0.0,4,0.732,0,226160,-8.629,0.405,1
spotify:track:1ex3YwDpPLF2JeA8ZgPBto,Balla,[Zoda],72,0.844,0.104,79.934,0.106,0.436,0.0,4,0.451,3,200777,-4.95,0.481,0
spotify:track:6Lc0La3OwOmAouQjbID4uX,Nera,[Irama],75,0.819,0.165,133.997,0.105,0.136,0.0,4,0.767,0,174147,-5.114,0.799,1
spotify:track:093RgZ7RXHZwIrxZhZYX4Q,Tesla (feat. Sfera Ebbasta & DrefGold),"[Capo Plaza, Sfera Ebbasta, DrefGold]",74,0.626,0.0961,140.05,0.0618,0.316,0.0,4,0.854,11,185147,-5.14,0.377,1
spotify:track:6PX2GtCt8YJzOQ4ulJM41k,Guarda Come Flexo 2,[MamboLosco],73,0.528,0.0617,140.05,0.0657,0.061,4.52e-05,4,0.843,1,178645,-8.722,0.459,1
spotify:track:1Oou7m2VuxCDSOdqsu07TU,Vertigini,"[Tedua, Chris Nolan]",72,0.774,0.131,133.722,0.164,0.164,0.0,4,0.579,5,203040,-6.34,0.476,0
spotify:track:3plul4vw51AF1e8FRykm96,Splash,[Dark Polo Gang],70,0.772,0.139,125.053,0.104,0.0263,0.0,4,0.709,1,181624,-4.248,0.422,1
spotify:track:3fw3W15QK6a9UxJGgndtYu,Fotografia (feat. Francesca Michielin & Fabri Fibra),"[Carl Brave, Francesca Michielin, Fabri Fibra]",74,0.539,0.0959,167.125,0.169,0.0438,0.0,4,0.707,0,221413,-5.321,0.423,0
spotify:track:6ZOsBNvsw48kvmUFDet8tK,La stessa,[Alessandra Amoroso],60,0.731,0.129,101.163,0.102,0.478,0.0,4,0.485,4,226213,-3.403,0.409,1
spotify:track:6rvSAESqueLmDe00pudWtr,Modalità Aereo (feat. Luchè & Marracash),"[Gue Pequeno, Luche, Marracash]",72,0.676,0.174,147.892,0.0789,0.182,5.16e-06,4,0.737,6,190480,-5.018,0.656,1
spotify:track:5Vwqy3CS2aCB6jcgm1qWfk,Amore e Capoeira,"[Takagi & Ketra, Giusy Ferreri, Sean Kingston]",76,0.697,0.044,118.083,0.142,0.122,0.0,4,0.827,11,172455,-4.368,0.836,0
spotify:track:3f2b204xj4jZdoHjo9wj0W,Poesia senza veli,[Ultimo],74,0.519,0.222,81.991,0.125,0.752,0.0,4,0.739,8,218167,-7.461,0.255,0
spotify:track:1nhEQjgj0NrtAoDuFEhMEL,New York,[Thegiornalisti],64,0.722,0.0662,151.936,0.0492,0.0679,0.0,4,0.573,7,219573,-4.853,0.495,1
spotify:track:76xea5TfeyVu8c4dGWpFD2,"Bella Giornata (prod. Dogslife, Mago del blocco)","[OG Eastbull, Dogslife, Mago del Blocco]",72,0.68,0.117,132.013,0.332,0.627,4.44e-06,4,0.744,7,181368,-4.98,0.801,1
spotify:track:4cQR1R25cpABjPMzpybNSQ,Da zero a cento,[Baby K],73,0.641,0.145,184.088,0.0655,0.0231,0.0,4,0.605,3,206195,-6.119,0.781,0
spotify:track:695AOnYHYnvHIMaTNKjkA5,Felicità puttana,[Thegiornalisti],61,0.856,0.305,93.975,0.127,0.00763,1.89e-05,4,0.692,0,219807,-4.816,0.686,1
spotify:track:1Lfjom9CoL5hIyvjYey9zs,Moscow Mule,[Benji & Fede],72,0.726,0.131,108.507,0.184,0.464,0.0,4,0.497,7,181194,-5.03,0.867,0
spotify:track:7CoEfOFe6fmJ2IIkTxQ2EK,Toy Boy,[Dark Polo Gang],69,0.833,0.143,134.975,0.0414,0.0894,1.36e-05,4,0.737,9,200699,-4.025,0.4,1
spotify:track:47LqR8uKRA8WcZcSXkdAbz,Morirò da Re,[Måneskin],72,0.879,0.0362,193.998,0.153,0.122,0.0,4,0.617,10,157758,-2.597,0.926,1
spotify:track:7zivIUyCw9MmYftdcayXnN,Uno squillo,[Capo Plaza],72,0.724,0.0736,98.97,0.397,0.0586,0.0,4,0.801,1,208813,-5.038,0.679,0
spotify:track:0TAt3c8KXb1D3sWT8ENar8,Porto Cervo,[Lazza],71,0.666,0.0885,100.006,0.104,0.2,0.0,4,0.855,10,235425,-4.581,0.758,0
spotify:track:1PahySwtcIaiG7GUnCy9tx,Tutto tua madre,[J-AX],72,0.741,0.343,128.219,0.0678,0.128,0.0,4,0.582,0,226000,-6.264,0.226,1
spotify:track:1OGORI9Hx45AEYqxkndMhN,Mwaka Moon - Remix,"[Kalash, Sfera Ebbasta]",71,0.556,0.107,155.07,0.0739,0.0942,1.42e-05,4,0.768,1,237179,-7.146,0.24,0
spotify:track:6GTCOWvhjvdk4pwlfrSjNO,Ne è valsa la pena (feat. Ghali),"[Capo Plaza, Ghali]",71,0.654,0.231,120.388,0.218,0.115,0.0,5,0.593,5,234600,-4.509,0.405,0
spotify:track:7zPr2eaVerEShHQ36BHQTD,Solo Te E Me (feat. Giulia Jean),"[GionnyScandal, Giulia Jean]",71,0.669,0.0849,159.79,0.0501,0.0968,0.0,4,0.484,4,204187,-5.77,0.273,0
spotify:track:4BGmYEDOK1swwoxTtfmVZD,Peace & Love,"[Charlie Charles, Sfera Ebbasta, Ghali]",71,0.785,0.309,152.962,0.0615,0.14,0.0,4,0.68,8,182745,-5.313,0.319,1
spotify:track:2hygc41DOo6dGocHEk6Jx1,Nero Bali,"[Elodie, Michele Bravi, Gue Pequeno]",71,0.836,0.286,116.045,0.0362,0.017,0.0,4,0.638,6,183773,-5.756,0.629,0
spotify:track:2w5wtWq30yTkNSG9YjMFvW,Pianeti,[Ultimo],72,0.488,0.372,80.112,0.196,0.281,0.0,4,0.55,8,224000,-9.425,0.108,1
