song_title,artist,popularity,energy,liveness,tempo,speechiness,acousticness,instrumentalness,time_signature,danceability,key,duration,loudness,valence,mode
Funky Friday,"Dave,Fredo,",79,0.535,0.107,125.066,0.196,0.0783,0,4,0.975,1,182741,-7.227,0.671,1
Happier,"Marshmello,Bastille,",99,0.792,0.167,100.015,0.0452,0.191,0,4,0.687,5,214290,-2.749,0.671,1
Eastside (with Halsey & Khalid),"benny blanco,Halsey,Khalid,",99,0.68,0.116,89.391,0.321,0.555,0,4,0.56,6,173800,-7.648,0.319,0
Promises (with Sam Smith),"Calvin Harris,Sam Smith,Jessie Reyez,",98,0.768,0.325,123.07,0.0394,0.0119,4.91e-06,4,0.781,11,213309,-5.991,0.486,1
I Love It (& Lil Pump),"Kanye West,Lil Pump,",100,0.522,0.259,104.053,0.33,0.0114,0,4,0.901,2,127947,-8.304,0.329,1
Electricity (with Dua Lipa),"Silk City,Dua Lipa,Diplo,Mark Ronson,",94,0.67,0.338,118.159,0.0473,0.0104,3.33e-06,4,0.588,0,238173,-6.439,0.505,1
Let You Love Me,"Rita Ora,",89,0.854,0.0773,94.419,0.198,0.288,0,4,0.531,10,190000,-3.149,0.456,1
In My Mind,"Dynoro,Gigi D'Agostino,",98,0.77,0.118,125.905,0.149,0.176,1.1e-05,4,0.694,6,184560,-5.335,0.163,1
All I Am,"Jess Glynne,",87,0.669,0.184,122.007,0.0373,0.0445,0,4,0.74,0,218868,-5.199,0.536,1
Taste (feat. Offset),"Tyga,Offset,",96,0.559,0.101,97.994,0.12,0.0236,0,4,0.884,0,232959,-7.442,0.342,1
Shallow,"Lady Gaga,Bradley Cooper,",82,0.385,0.231,95.799,0.0308,0.371,0,4,0.572,7,215733,-6.362,0.323,1
High Hopes,"Panic! At The Disco,",92,0.904,0.064,82.014,0.0618,0.193,0,4,0.579,5,190947,-2.729,0.681,1
Back & Forth,"MK,Jonas Blue,Becky Hill,",80,0.816,0.0222,121.993,0.0322,0.0181,0,4,0.684,10,196215,-5.211,0.702,0
Be Alright,"Dean Lewis,",96,0.586,0.0813,126.684,0.0362,0.697,0,4,0.553,11,196373,-6.319,0.443,1
Body (feat. brando),"Loud Luxury,brando,",75,0.764,0.0543,121.958,0.038,0.0476,9.44e-05,4,0.752,1,163216,-4.399,0.582,1
Lucid Dreams,"Juice WRLD,",98,0.566,0.34,83.903,0.2,0.349,0,4,0.511,6,239836,-7.23,0.218,0
Shotgun,"George Ezra,",93,0.735,0.242,115.741,0.0457,0.286,0,4,0.672,5,201287,-4.733,0.754,1
God is a woman,"Ariana Grande,",94,0.658,0.237,145.031,0.0558,0.0233,6e-05,4,0.602,1,197547,-5.934,0.268,1
In My Feelings,"Drake,",99,0.626,0.396,91.03,0.125,0.0589,6e-05,4,0.835,1,217925,-5.833,0.35,1
breathin,"Ariana Grande,",94,0.656,0.213,100.049,0.0433,0.0211,1.37e-05,4,0.568,8,198160,-5.413,0.364,1
SICKO MODE,"Travis Scott,",98,0.73,0.124,155.008,0.222,0.00513,0,4,0.834,8,312820,-3.714,0.446,1
No Brainer,"DJ Khaled,Justin Bieber,Quavo,Chance the Rapper,",95,0.76,0.0865,135.702,0.342,0.0733,0,5,0.552,0,260000,-4.706,0.639,1
Falling Down,"Lil Peep,XXXTENTACION,",98,0.574,0.146,120.013,0.0286,0.0175,0.00294,4,0.669,4,196400,-6.442,0.273,0
"Taki Taki (with Selena Gomez, Ozuna & Cardi B)","DJ Snake,Selena Gomez,Ozuna,Cardi B,",97,0.798,0.0618,95.948,0.229,0.153,3.33e-06,4,0.841,1,212500,-4.206,0.591,0
Better,"Khalid,",94,0.585,0.14,97.565,0.0964,0.0984,0.391,4,0.442,0,229413,-10.332,0.116,0
Better Now,"Post Malone,",96,0.563,0.136,145.028,0.0454,0.354,0,4,0.68,10,231267,-5.843,0.374,1
Lost Without You,"Freya Ridings,",80,0.137,0.0706,162.08,0.0446,0.928,0,1,0.409,6,225076,-9.169,0.106,1
Lucky You (feat. Joyner Lucas),"Eminem,Joyner Lucas,",97,0.786,0.127,153.068,0.306,0.0627,0,4,0.876,10,244679,-4.884,0.575,0
Best Life,"Hardy Caprio,One Acen,",78,0.668,0.122,106.017,0.0447,0.211,0,4,0.845,1,200265,-6.702,0.721,0
"Thunderclouds with Sia, Diplo & Labrinth","Sia,Diplo,Labrinth,LSD,",93,0.716,0.263,112.035,0.0351,0.0085,9.06e-06,4,0.691,7,187027,-5.985,0.507,1
Just Got Paid,"Sigala,Ella Eyre,Meghan Trainor,French Montana,",65,0.921,0.197,120.056,0.0863,0.0328,0,4,0.734,6,218480,-1.936,0.654,0
No Stylist,"French Montana,Drake,",90,0.704,0.227,147.055,0.127,0.0215,0,4,0.765,5,192172,-4.589,0.498,0
Nevermind,"Dennis Lloyd,",91,0.691,0.418,99.976,0.196,0.156,9.78e-06,4,0.592,3,156600,-8.354,0.0796,1
SAD!,"XXXTENTACION,",97,0.613,0.123,75.023,0.145,0.258,0.00372,4,0.74,8,166606,-4.88,0.473,1
Ay Caramba,"Stay Flee Get Lizzy,Fredo,Young T & Bugsey,",76,0.647,0.0797,139.787,0.199,0.0355,0.00373,5,0.629,1,211525,-3.791,0.531,1
Girls Like You (feat. Cardi B),"Maroon 5,Cardi B,",88,0.541,0.13,124.959,0.0505,0.568,0,4,0.851,0,235545,-6.825,0.448,1
Venom - Music From The Motion Picture,"Eminem,",88,0.794,0.543,135.959,0.064,0.0193,0,4,0.749,0,269554,-5.063,0.46,1
Moonlight,"XXXTENTACION,",96,0.537,0.102,128.009,0.0804,0.556,0.00404,4,0.921,9,135090,-5.723,0.711,0
Without Me,"Halsey,",90,0.488,0.0936,136.041,0.0705,0.297,9.11e-06,4,0.752,6,201661,-7.05,0.533,1
Killshot,"Eminem,",91,0.651,0.371,105.814,0.378,0.0989,0,4,0.892,0,253580,-8.645,0.599,0
Drip Too Hard (Lil Baby & Gunna),"Lil Baby,Gunna,",83,0.671,0.552,112.502,0.289,0.103,0,4,0.896,1,145543,-6.977,0.358,0
Rise,"Jonas Blue,Jack & Jack,",95,0.784,0.203,106.066,0.032,0.323,0,4,0.69,1,194408,-4.653,0.669,1
Youngblood,"5 Seconds of Summer,",89,0.854,0.124,120.274,0.463,0.0169,0,4,0.596,7,203418,-5.114,0.152,0
Beautiful (feat. Camila Cabello),"Bazzi,Camila Cabello,",94,0.717,0.105,100.027,0.0337,0.346,0,4,0.638,2,180000,-4.722,0.249,1
Ocean (feat. Khalid),"Martin Garrix,Khalid,",91,0.693,0.0891,139.912,0.0412,0.584,9.58e-05,4,0.506,0,216420,-7.265,0.221,0
Praise The Lord (Da Shine),"A$AP Rocky,Skepta,",92,0.569,0.1,80.02,0.136,0.0609,0.0816,4,0.85,5,205040,-8.152,0.294,0
Goodbye (feat. Nicki Minaj & Willy William),"Jason Derulo,David Guetta,Nicki Minaj,Willy William,",91,0.904,0.189,103.028,0.0739,0.0776,0,4,0.643,0,195419,-3.694,0.481,1
Butterflies,"AJ Tracey,Not3s,",77,0.685,0.115,103.949,0.125,0.259,2.92e-06,4,0.761,5,224000,-9.796,0.596,0
One Kiss (with Dua Lipa),"Calvin Harris,Dua Lipa,",94,0.862,0.0814,123.994,0.11,0.037,2.19e-05,4,0.791,9,214847,-3.24,0.592,0
This Is Me,"Keala Settle,The Greatest Showman Ensemble,",72,0.704,0.0424,191.702,0.186,0.00583,0.000115,4,0.284,2,234707,-7.276,0.1,1
This Feeling,"The Chainsmokers,Kelsea Ballerini,",91,0.571,0.0912,105.049,0.0439,0.0558,0,4,0.575,1,197947,-7.906,0.449,1
STOOPID,"6ix9ine,Bobby Shmurda,",88,0.63,0.162,149.989,0.395,0.13,0,4,0.733,11,152000,-4.296,0.832,1
Vaina Loca,"Ozuna,Manuel Turizo,",87,0.805,0.203,93.983,0.0752,0.315,0,4,0.754,6,176133,-4.249,0.555,1
BEBE,"6ix9ine,Anuel Aa,",95,0.902,0.125,102.063,0.109,0.172,0,4,0.635,0,217822,-3.559,0.286,1
FEFE (feat. Nicki Minaj & Murda Beatz),"6ix9ine,Nicki Minaj,Murda Beatz,",97,0.387,0.136,125.978,0.412,0.088,0,4,0.931,1,179405,-9.127,0.376,1
Mo Bamba,"Sheck Wes,",81,0.625,0.248,146.034,0.0315,0.194,0.00986,4,0.729,4,183907,-5.266,0.261,1
Natural,"Imagine Dragons,",95,0.612,0.08,97.773,0.0708,0.216,0,4,0.448,2,189467,-6.106,0.213,1
I Like It,"Cardi B,Bad Bunny,J Balvin,",96,0.726,0.372,136.048,0.129,0.099,0,4,0.816,5,253390,-3.998,0.65,0
Mona Lisa (feat. Kendrick Lamar),"Lil Wayne,Kendrick Lamar,",93,0.694,0.109,122.078,0.169,0.371,0,4,0.855,2,324189,-4.393,0.49,1
"Never Recover (Lil Baby & Gunna, Drake)","Lil Baby,Gunna,Drake,",87,0.69,0.192,132.064,0.282,0.0716,0,4,0.757,1,194732,-5.327,0.914,0
Nonstop,"Drake,",94,0.412,0.104,154.983,0.124,0.0164,0.013,4,0.912,7,238614,-8.074,0.422,1
Te Boté - Remix,"Nio Garcia,Casper Magico,Bad Bunny,Darell,Ozuna,Nicky Jam,",95,0.675,0.0595,96.507,0.214,0.542,1.28e-05,4,0.903,11,417920,-3.445,0.442,0
Solo (feat. Demi Lovato),"Clean Bandit,Demi Lovato,",95,0.636,0.35,105.005,0.0437,0.0441,6.66e-05,4,0.737,11,222653,-4.546,0.565,0
Noticed,"Lil Mosey,",92,0.558,0.116,79.992,0.0603,0.462,0,4,0.699,11,165000,-7.622,0.493,1
Jocelyn Flores,"XXXTENTACION,",94,0.391,0.297,134.021,0.242,0.469,4.13e-06,4,0.872,0,119133,-9.144,0.437,0
Cuando Te Besé,"Becky G,Paulo Londra,",93,0.732,0.106,100.048,0.213,0.307,5.14e-06,4,0.772,9,254383,-3.713,0.295,0
Wake Up in the Sky,"Gucci Mane,Bruno Mars,Kodak Black,",92,0.578,0.359,143.01,0.0485,0.00381,0,4,0.8,4,204665,-5.144,0.367,0
rockstar (feat. 21 Savage),"Post Malone,21 Savage,",93,0.535,0.131,159.847,0.0898,0.117,6.56e-05,4,0.587,5,218147,-6.09,0.14,0
Sweet but Psycho,"Ava Max,",87,0.704,0.166,133.002,0.0476,0.0691,0,4,0.719,1,187436,-4.724,0.628,1
Medley da Gaiola - Dennis DJ Remix,"MC Kevin o Chris,Dennis DJ,",83,0.757,0.0779,140.038,0.236,0.702,0,4,0.897,4,240000,-5.243,0.613,0
SLOW DANCING IN THE DARK,"Joji,",87,0.479,0.191,88.964,0.0261,0.544,0.00598,4,0.515,3,209274,-7.458,0.284,1
Parado no Bailão,"MC L da Vinte,MC Gury,",76,0.599,0.0775,86.533,0.149,0.381,0,5,0.828,11,171692,-1.624,0.478,1
Love Someone,"Lukas Graham,",87,0.415,0.108,172.065,0.052,0.161,0,4,0.55,9,205463,-6.557,0.274,0
You Say,"Lauren Daigle,",82,0.637,0.0882,147.924,0.0333,0.669,0,4,0.494,5,274693,-6.381,0.1,1
O Bebê,"MC Kevinho,MC Kekel,",84,0.749,0.241,165.057,0.114,0.248,0,4,0.81,6,178099,-3.734,0.795,0
Quiere Beber,"Anuel Aa,",92,0.57,0.108,95.038,0.113,0.372,0.00524,4,0.773,8,187125,-3.482,0.772,1
Lil’ Touch,"Girls' Generation-Oh!GG,",77,0.789,0.301,112.11,0.104,0.0114,0,4,0.791,11,189846,-4.694,0.669,0
Buwan,"juan karlos,",72,0.381,0.0902,126.008,0.04,0.447,0.000171,4,0.631,7,343446,-11.808,0.36,1
Sunflower - Movie Version,"Shannon Purser,",79,0.0935,0.0958,131.182,0.0438,0.924,0,4,0.694,0,108085,-13.712,0.551,1
Amigos Con Derechos,"Reik,Maluma,",90,0.807,0.0652,183.971,0.0613,0.0481,0,4,0.686,1,227476,-3.324,0.63,1
Mary Jane (Radio Edit),"Burry Soprano,",77,0.561,0.0878,122.041,0.0525,0.627,1.08e-06,4,0.871,1,180984,-7.155,0.0951,1
Bad,"Lennon Stella,",72,0.613,0.093,137.96,0.0621,0.366,1.25e-05,4,0.827,8,177973,-5.34,0.747,1
MOOO!,"Doja Cat,",74,0.407,0.111,89.011,0.233,0.461,0,4,0.878,7,286517,-10.941,0.547,1
Saudade Nível Hard,"Yasmin Santos,",82,0.811,0.33,167.922,0.127,0.0437,0,4,0.509,6,181847,-5.604,0.716,0
REEL IT IN,"Aminé,",87,0.342,0.193,128.981,0.0991,0.073,0,4,0.754,10,121347,-8.677,0.423,0
Só Pra Castigar,"Wesley Safadão,",80,0.94,0.578,124.015,0.0386,0.0201,0,4,0.681,0,163851,-1.77,0.648,1
Ciumeira - Ao Vivo,"Marília Mendonça,",86,0.813,0.797,123.842,0.0452,0.204,0,4,0.741,11,190084,-4.83,0.765,0
Sofazinho - Ao Vivo,"Luan Santana,Jorge & Mateus,",78,0.875,0.209,163.958,0.106,0.426,0,4,0.517,0,187378,-3.997,0.672,1
Culpables,"Karol G,Anuel Aa,",88,0.801,0.143,130.059,0.0683,0.279,4.71e-06,4,0.728,8,226627,-2.942,0.416,0
PPP,"Kevin Roldan,",83,0.65,0.122,92.975,0.109,0.363,8.17e-05,4,0.786,4,129040,-6.839,0.712,1
Ya No Tiene Novio,"Sebastian Yatra,Mau y Ricky,",90,0.832,0.0705,182.184,0.154,0.048,0,4,0.632,7,198933,-1.948,0.784,0
Maybe The Night,"Ben&Ben,",79,0.522,0.114,74.05,0.0367,0.113,4.91e-05,4,0.572,2,217197,-9.095,0.498,1
Sapequinha,"Lexa,MC Lan,",76,0.984,0.0632,150.086,0.286,0.211,0,4,0.677,11,134107,-3.539,0.906,0
Me Vas a Extrañar - En Vivo,"Damas Gratis,Viru Kumbieron,",76,0.809,0.699,88.418,0.0357,0.323,0,4,0.419,11,238528,-4.596,0.635,1
Hereafter,"Architects,",66,0.973,0.224,121.018,0.0849,4.58e-05,0.00326,4,0.513,6,255587,-4.115,0.159,0
REMEDY,"Alesso,",90,0.775,0.0883,119.964,0.0473,0.269,0,4,0.601,0,190295,-4.612,0.483,1
Baby Shark,"Pinkfong,",79,0.84,0.341,115.062,0.227,0.245,0,4,0.825,7,96333,-3.651,0.52,1
Siren,"SUNMI,",76,0.905,0.0592,122.012,0.0369,0.0142,0,4,0.61,9,199134,-3.686,0.521,0
Leave Me Alone,"Flipp Dinero,",88,0.743,0.183,150.024,0.0851,0.107,0,4,0.792,7,195637,-2.806,0.742,1
Trip,"Ella Mai,",88,0.605,0.138,81.047,0.075,0.214,0,4,0.717,11,217118,-5.68,0.387,0
Rescue,"Lauren Daigle,",71,0.243,0.11,92.332,0.0279,0.775,0,4,0.306,6,215613,-7.696,0.105,1
Mocca,"Lalo Ebratt,Trapical,",80,0.695,0.123,97.957,0.353,0.185,0,4,0.786,1,200293,-5.343,0.591,0
Ponle,"Rvssian,Farruko,J Balvin,",82,0.772,0.0851,94.028,0.194,0.187,0.00181,4,0.857,10,164765,-4.736,0.589,0
Celoso,"Lele Pons,",87,0.703,0.331,166.043,0.107,0.352,0,4,0.746,4,179693,-4.179,0.667,0
Contigo Siempre,"Alejandro Fernandez,Sebastian Yatra,",78,0.503,0.0978,145.945,0.0414,0.0418,0,4,0.661,7,201440,-8.508,0.731,1
Say My Name,"David Guetta,Bebe Rexha,J Balvin,",85,0.66,0.192,95.031,0.123,0.137,0,4,0.703,10,198947,-5.119,0.79,0
Love No More,"Loud Luxury,anders,",70,0.678,0.258,121.01,0.054,0.0221,4.82e-05,4,0.767,0,168636,-6.249,0.217,1
AirForce,"DIG DAT,",68,0.664,0.376,142.035,0.369,0.456,0,4,0.858,1,221545,-7.637,0.656,1
Advice,"Cadet,Deno Driz,",72,0.529,0.101,105.067,0.328,0.201,0,4,0.911,9,192571,-7.996,0.76,0
Jackie Chan,"Bantu,Dr. Chaii,",59,0.536,0.0696,108.007,0.15,0.248,7.36e-05,4,0.964,7,181943,-7.873,0.615,0
Real One,"Aseven,",58,0.577,0.152,102.028,0.0492,0.221,0.000919,4,0.758,9,185028,-6.144,0.47,0
Coming Back to You,"Naya,Tom Grennan,",51,0.787,0.0864,96.997,0.0291,0.423,0,4,0.683,9,186040,-4.099,0.502,1
Suspirium,"Thom Yorke,",68,0.217,0.134,151.002,0.032,0.989,0.905,3,0.473,1,201768,-15.662,0.441,0
Bebey (feat. Giggs) [SN1 Road Mix],"Theophilus London,Giggs,",62,0.667,0.097,164.012,0.151,0.559,4.35e-06,4,0.645,5,257259,-5.72,0.751,0
Hunt Me Down,"Ellysse Mason,",54,0.536,0.064,146.985,0.0294,0.19,0,4,0.502,1,291500,-7.185,0.138,1
Want To,"Dua Lipa,",66,0.691,0.0593,92.082,0.123,0.0788,0.000132,4,0.572,8,212040,-4.783,0.318,0
Losing It,"FISHER,",65,0.964,0.0974,125.0,0.0576,0.00182,0.7,4,0.76,2,248036,-5.844,0.641,1
Murder On My Mind,"YNW Melly,",80,0.73,0.11,115.007,0.0516,0.145,3.06e-06,4,0.759,0,268434,-7.985,0.74,0
Cheatin',"Nathan Dawe,",64,0.856,0.495,123.913,0.0336,0.00153,0,4,0.492,5,178415,-3.476,0.391,1
"Hang Up Your Hang Ups (The Only One) [feat. Kim English] - CamelPhat Remix, Edit","Paul Woolford,Kim English,CamelPhat,",58,0.976,0.277,125.03,0.0491,0.00338,0.644,4,0.469,11,206141,-5.673,0.527,0
Creep On Me,"GASHI,French Montana,DJ Snake,",84,0.597,0.197,134.598,0.14,0.347,1.03e-05,5,0.449,9,194777,-4.401,0.505,0
Entitled,"Type.Raw,",62,0.496,0.109,90.038,0.0476,0.11,0.752,4,0.736,11,128712,-9.567,0.943,0
Walk,"Comethazine,",77,0.795,0.291,160.063,0.264,0.221,0,4,0.831,1,96064,-6.186,0.744,1
Ramenez la coupe à la maison,"Vegedream,",82,0.661,0.138,107.992,0.0395,0.0358,0,4,0.808,0,235556,-6.237,0.804,0
(It Happens) Sometimes,"Jack Back,",66,0.886,0.11,122.025,0.0573,0.000431,0.00451,4,0.833,11,202276,-6.767,0.604,1
Torn,"Richard Fairlie,",54,0.49,0.127,101.585,0.119,0.204,0,4,0.537,1,184320,-7.979,0.351,1
Meu Abrigo,"Melim,",83,0.572,0.125,92.011,0.0304,0.214,0,4,0.658,3,231474,-7.527,0.741,1
Largado Às Traças - Ao Vivo,"Zé Neto & Cristiano,",84,0.869,0.535,121.996,0.0857,0.611,0,4,0.694,3,234961,-5.26,0.786,0
Só Você,"Dennis DJ,MC G15,",84,0.751,0.112,129.935,0.117,0.447,0,4,0.834,11,161444,-0.787,0.697,1
Disk Me,"Pabllo Vittar,",76,0.61,0.124,140.014,0.0447,0.141,0,4,0.761,1,173137,-5.856,0.29,1
Ao Vivo E A Cores,"Matheus & Kauan,Anitta,",80,0.526,0.147,135.032,0.0352,0.0131,0,4,0.668,5,180304,-6.174,0.42,0
Zé da Recaída,"Gusttavo Lima,",81,0.832,0.0878,135.137,0.0385,0.206,0,4,0.841,5,168459,-2.018,0.904,1
Pouca Pausa,"Clau,CortesiaDaCasa,Haikaiss,",82,0.583,0.0922,103.006,0.149,0.194,0,4,0.886,8,279757,-6.639,0.883,0
Propaganda - Ao Vivo,"Jorge & Mateus,",83,0.782,0.399,167.95,0.0605,0.381,0,4,0.614,2,141935,-4.603,0.77,1
Atrasadinha - Ao Vivo,"Felipe Araújo,Ferrugem,",74,0.844,0.866,159.969,0.109,0.498,0,4,0.676,7,172767,-3.396,0.716,1
Notificação Preferida - Ao Vivo,"Zé Neto & Cristiano,",80,0.838,0.189,156.008,0.13,0.778,0,3,0.398,8,182341,-4.734,0.206,0
Favela,"Alok,Ina Wroldsen,",82,0.812,0.0264,103.023,0.0598,0.0125,0.00233,4,0.777,2,185105,-3.206,0.283,0
Cidade Vizinha - Ao Vivo,"Henrique & Juliano,",64,0.555,0.612,94.898,0.0284,0.698,0,4,0.565,9,178904,-7.221,0.308,1
Kikadinha,"Jerry Smith,",80,0.662,0.039,184.091,0.265,0.143,0.000475,4,0.756,2,146087,-6.15,0.848,1
O Alvo - Ao Vivo,"Diego & Victor Hugo,Henrique & Juliano,",81,0.808,0.742,126.821,0.0494,0.543,0,4,0.551,10,164956,-3.367,0.505,1
Medicina,"Anitta,",86,0.784,0.149,93.96,0.0667,0.0441,0.0129,4,0.798,4,141508,-3.545,0.653,0
Não Fala Não pra Mim,"Humberto & Ronaldo,Jerry Smith,",80,0.794,0.236,157.987,0.0402,0.591,0,4,0.741,3,196613,-2.555,0.765,1
Status Que Eu Não Queria - Ao Vivo,"Zé Neto & Cristiano,",80,0.871,0.564,117.622,0.209,0.59,0,4,0.58,4,153934,-4.052,0.911,1
Romance Com Safadeza,"Wesley Safadão,Anitta,",81,0.903,0.117,155.97,0.0693,0.216,0,4,0.544,11,172655,-4.11,0.765,0
A Culpa É Dele - Ao Vivo | Acústico,"Marília Mendonça,Maiara & Maraisa,",81,0.602,0.139,125.927,0.182,0.627,0,4,0.838,7,176722,-5.973,0.729,1
Problema Seu,"Pabllo Vittar,",69,0.83,0.134,135.062,0.0367,0.014,0,4,0.872,10,162465,-5.301,0.568,0
Fuleragem,"MC WM,",81,0.836,0.113,94.979,0.0506,0.00857,0.00016,4,0.808,8,141474,-2.3,0.755,1
Amor de Verdade,"MC Kekel,MC Rita,",82,0.724,0.112,120.235,0.0851,0.138,0,5,0.638,7,197333,-7.966,0.461,1
Pra Inveja É Tchau,"Mc Kevin,Mc Davi,",80,0.341,0.0752,83.507,0.06,0.724,4.56e-05,3,0.693,0,173233,-4.706,0.51,1
Deixa (feat. Ana Gabriela) - Feat. Ana Gabriela,"Lagum,Ana Gabriela,",79,0.326,0.193,81.457,0.0631,0.821,0,4,0.498,0,176025,-8.223,0.323,1
O Sol,"Vitor Kley,",79,0.623,0.104,97.532,0.0256,0.12,0,4,0.641,6,209000,-5.641,0.65,0
Bebida Na Ferida - Ao Vivo,"Zé Neto & Cristiano,",78,0.796,0.842,126.099,0.164,0.735,0,4,0.605,1,199363,-5.195,0.51,1
Novinha Você É uma Flor,"MCs Thin e Alexandre,",80,0.469,0.0988,130.126,0.109,0.23,0,4,0.86,7,143971,-6.262,0.769,1
Ouvi Dizer,"Melim,",77,0.614,0.093,81.011,0.0532,0.0745,0,4,0.641,7,210889,-7.847,0.727,1
Coladinha em Mim - Ao Vivo,"Gustavo Mioto,Anitta,",72,0.68,0.912,188.162,0.292,0.354,0,4,0.623,6,170507,-7.255,0.643,0
Devagarinho,"Luísa Sonza,",78,0.78,0.189,102.057,0.0574,0.309,5.45e-05,4,0.797,1,137045,-6.044,0.823,0
Seu Crime,"Pabllo Vittar,",72,0.667,0.14,127.056,0.0913,0.0944,2.68e-06,4,0.788,8,154941,-5.215,0.646,0
Cada um na Sua - Ao Vivo,"Fernando & Sorocaba,",79,0.812,0.985,143.072,0.0649,0.679,0,4,0.612,1,221499,-3.031,0.624,1
É natural (Participação especial de Bruno Cardoso) - Ao vivo,"Ferrugem,Bruno Cardoso,",71,0.74,0.486,76.139,0.0447,0.531,0,4,0.497,1,207093,-5.475,0.478,0
Siga a Seta (feat. Matheus & Kauan) - Ao Vivo,"Marcos & Belutti,Matheus & Kauan,",79,0.855,0.0999,172.008,0.18,0.517,0,4,0.508,0,171693,-3.634,0.641,1
"Quem Pegou, Pegou","Henrique & Juliano,",76,0.682,0.854,104.017,0.0263,0.304,0,4,0.699,9,183888,-5.396,0.678,1
Cerveja De Garrafa (Fumaça Que Eu Faço) - Ao Vivo,"Atitude 67,",78,0.841,0.723,162.961,0.0591,0.599,0,4,0.673,4,210387,-4.968,0.663,1
Mundo de Ilusões - Ao Vivo,"Gusttavo Lima,",79,0.925,0.379,142.008,0.0548,0.496,0,4,0.758,0,185781,-3.495,0.775,1
Sua Mãe Vai Me Amar,"Turma do Pagode,",75,0.816,0.808,163.941,0.0374,0.4,0,4,0.571,8,183759,-6.011,0.942,0
Pour Over,"Vintage Culture,Adam K,",75,0.7,0.386,176.926,0.0604,0.0021,0.00952,3,0.514,7,213559,-6.827,0.164,1
Jaloux,"Dadju,",70,0.797,0.399,139.992,0.0739,0.193,0,4,0.558,8,233986,-3.89,0.368,0
BB,"Booba,",77,0.556,0.104,130.006,0.109,0.417,1.81e-06,4,0.761,1,198373,-6.631,0.384,0
Air Max,"Rim'K,Ninho,",69,0.591,0.102,141.888,0.459,0.26,0,4,0.82,1,205867,-7.338,0.551,1
Copines,"Aya Nakamura,",81,0.778,0.112,180.033,0.092,0.289,2.36e-06,4,0.71,8,170701,-3.985,0.896,0
Sur le drapeau,"Suprême NTM,Sofiane,",74,0.902,0.318,144.038,0.287,0.189,0,4,0.763,6,199000,-5.759,0.625,0
Ma 6t a craqué (feat. Ninho),"Kpoint,Ninho,",79,0.684,0.137,89.999,0.197,0.473,1.14e-06,3,0.816,11,197597,-8.478,0.815,0
Tout oublier,"Angèle,Roméo Elvis,",72,0.542,0.247,105.005,0.197,0.493,2.75e-06,4,0.692,11,202120,-7.9,0.285,0
Train de vie,"Koba LaD,",71,0.641,0.137,146.139,0.124,0.216,0,4,0.742,0,214520,-5.585,0.418,0
Bella,"MHD,WizKid,",71,0.639,0.124,102.045,0.125,0.422,0,4,0.767,6,183745,-6.633,0.653,0
Empire,"Sofiane,Kaaris,",62,0.79,0.0882,144.017,0.211,0.0488,0,4,0.884,8,192240,-4.085,0.421,1
La C,"Koba LaD,",71,0.719,0.19,172.04,0.36,0.302,3.64e-05,4,0.767,7,183027,-6.221,0.638,0
Adieu bientôt,"Columbine,",68,0.648,0.101,140.034,0.17,0.391,0,4,0.793,8,211307,-7.612,0.249,0
Iencli,"Vald,Sofiane,",62,0.768,0.273,88.005,0.164,0.498,0,4,0.669,7,222333,-5.111,0.294,1
Moments durs,"Koba LaD,",74,0.563,0.101,119.989,0.32,0.57,4.48e-06,4,0.817,0,202213,-6.221,0.722,0
Woah,"Sofiane,Vald,Mac Tyer,Soolking,Kalash Criminel,Sadek,Heuss L'enfoiré,",73,0.777,0.647,124.001,0.386,0.211,0,4,0.935,7,250595,-4.748,0.553,1
91's,"PNL,",79,0.668,0.0778,103.036,0.107,0.249,0,4,0.777,4,237014,-8.837,0.243,0
Rolls (feat. Lacrim),"Hornet La Frappe,Lacrim,",73,0.784,0.0821,101.049,0.126,0.476,3.1e-06,4,0.789,5,212360,-7.056,0.563,0
Monégasque,"PLK,",65,0.734,0.115,74.883,0.231,0.416,0,4,0.722,6,203553,-4.583,0.612,1
La thune,"Angèle,",66,0.593,0.112,145.039,0.0532,0.526,1.09e-05,4,0.702,11,201907,-8.339,0.522,1
W.L.G,"Niska,",77,0.624,0.125,155.026,0.141,0.113,0,4,0.792,2,190452,-5.781,0.447,1
Pharmacie,"SCH,",64,0.907,0.113,139.976,0.219,0.714,0.000129,4,0.703,3,218213,-6.957,0.612,0
Taga,"Hornet La Frappe,",72,0.671,0.133,137.985,0.105,0.395,0,4,0.852,7,203467,-5.994,0.476,0
Dalida,"Soolking,",75,0.723,0.104,140.063,0.047,0.661,1.46e-05,4,0.759,7,224154,-4.66,0.467,0
Hier (feat. SCH),"PLK,SCH,",68,0.564,0.0971,139.826,0.307,0.678,0.000727,4,0.53,1,220032,-6.969,0.135,0
Balance ton quoi,"Angèle,",69,0.442,0.276,115.932,0.0823,0.594,2.39e-05,4,0.703,0,189480,-10.383,0.381,1
Moscow,"RK,",74,0.672,0.143,135.055,0.266,0.294,0,4,0.845,0,222093,-5.22,0.445,1
Oyé,"Koba LaD,",69,0.58,0.241,130.929,0.334,0.266,0,4,0.841,0,187973,-4.946,0.461,1
Jalousie,"Angèle,",67,0.443,0.118,89.951,0.0411,0.811,6.16e-05,4,0.588,7,225707,-10.019,0.335,0
Waow (feat. Nekfeu),"PLK,Nekfeu,",68,0.744,0.098,119.944,0.143,0.216,0,4,0.77,1,194934,-8.001,0.32,1
Chambre 122,"Koba LaD,",73,0.584,0.0957,138.009,0.293,0.24,1.26e-05,4,0.881,7,196973,-5.823,0.324,1
Feu de bois,"Damso,",75,0.633,0.092,138.097,0.0734,0.256,1.31e-06,4,0.789,2,183307,-6.269,0.262,1
Bae,"RK,",73,0.654,0.0999,119.966,0.0523,0.632,0,5,0.835,9,174840,-5.971,0.658,1
Billets verts,"Maes,",75,0.59,0.108,154.051,0.0745,0.642,1.82e-06,4,0.662,1,168857,-8.762,0.393,1
Django,"Dadju,Franglish,",76,0.587,0.159,195.927,0.253,0.416,0,4,0.619,8,249240,-6.771,0.717,0
1000°C,"Lomepal,Roméo Elvis,",74,0.539,0.11,102.952,0.113,0.294,4.79e-05,4,0.732,3,237120,-8.084,0.403,0
Entre les murs (feat. Ninho),"DA Uzi,Ninho,",72,0.308,0.0918,120.081,0.267,0.222,0,4,0.859,4,212250,-13.086,0.406,0
La loi de Murphy,"Angèle,",66,0.734,0.144,191.141,0.471,0.142,4.41e-05,4,0.354,2,195173,-8.452,0.259,0
"Audio - with Sia, Diplo & Labrinth","Sia,Diplo,Labrinth,LSD,",85,0.692,0.0862,89.998,0.0671,0.192,1.51e-06,4,0.365,3,203400,-4.586,0.372,0
Alright,"Jain,",65,0.611,0.035,184.055,0.068,0.0181,6.64e-06,4,0.685,8,222493,-8.057,0.598,0
Ta reine,"Angèle,",67,0.44,0.0901,107.091,0.0801,0.822,3.98e-06,4,0.668,9,213200,-10.607,0.127,0
24 carats,"RK,",68,0.617,0.0733,160.06,0.366,0.543,0,4,0.761,2,211760,-7.119,0.471,1
Suge,"Koba LaD,",71,0.622,0.0883,149.928,0.419,0.172,0,4,0.585,5,194213,-6.398,0.604,0
500 PS,"Bonez MC,RAF Camora,",77,0.924,0.0902,139.976,0.0439,0.391,0.00448,4,0.805,7,181971,-5.883,0.836,0
Kokain,"Bonez MC,RAF Camora,Gzuz,",77,0.677,0.543,170.117,0.363,0.231,0,4,0.615,5,209232,-7.906,0.608,0
Nummer unterdrückt,"Bonez MC,RAF Camora,",79,0.749,0.15,139.962,0.0881,0.2,0.00124,4,0.812,0,208795,-6.296,0.773,1
BONNIE & CLYDE,"Loredana,Mozzik,",84,0.62,0.085,169.985,0.266,0.11,1.61e-05,4,0.792,8,175907,-4.832,0.637,0
Risiko,"Bonez MC,RAF Camora,",75,0.737,0.159,117.027,0.0931,0.155,0.407,4,0.772,5,223381,-7.211,0.229,1
Ja Mann!,"Bonez MC,RAF Camora,",77,0.749,0.0971,101.95,0.364,0.432,0.000118,4,0.748,8,188435,-7.645,0.386,1
Kompanie,"Bonez MC,RAF Camora,Hanybal,",77,0.65,0.12,109.88,0.189,0.171,1.97e-05,4,0.815,1,159127,-7.031,0.352,1
Prominent,"Bonez MC,RAF Camora,",77,0.557,0.101,93.996,0.234,0.558,0,4,0.671,11,158555,-7.71,0.414,0
Facetime,"Dardan,",83,0.682,0.113,102.004,0.173,0.319,0,4,0.701,4,192947,-6.873,0.446,0
MoneyGram,"Luciano,",80,0.796,0.148,160.037,0.216,0.0522,0.000369,4,0.781,0,157800,-6.174,0.575,1
Von ihnen gelernt,"Bonez MC,RAF Camora,",76,0.7,0.126,115.948,0.0417,0.122,0.000284,4,0.636,4,232124,-6.445,0.237,0
UFF,"Veysel,Gzuz,",81,0.828,0.314,139.972,0.232,0.041,0,4,0.815,4,167627,-3.559,0.311,1
Dior 2001,"RIN,",74,0.699,0.123,76.854,0.143,0.0117,0.093,4,0.43,1,192941,-5.892,0.473,1
Alien,"Bonez MC,RAF Camora,",76,0.577,0.148,104.711,0.267,0.352,0.0389,4,0.677,2,214381,-7.955,0.166,1
Melodien (feat. Juju),"Capital Bra,Juju,",84,0.529,0.0944,100.262,0.143,0.0849,0,4,0.751,11,159518,-7.407,0.33,0
100,"Bonez MC,RAF Camora,Trettmann,KitschKrieg,",75,0.464,0.0724,93.013,0.452,0.263,0,4,0.703,0,218633,-9.282,0.726,1
Inshallah (feat. Capital Bra),"Bushido,Capital Bra,",79,0.759,0.125,159.228,0.309,0.101,0,4,0.54,9,173299,-4.874,0.272,0
MDMA,"Bonez MC,RAF Camora,",75,0.558,0.194,122.113,0.349,0.305,0.00063,3,0.63,9,186374,-9.043,0.295,0
Nein,"Bonez MC,RAF Camora,",75,0.749,0.102,172.061,0.0625,0.168,0.00967,4,0.594,1,194987,-6.017,0.533,0
Krimineller,"Bonez MC,RAF Camora,Kontra K,",74,0.77,0.136,112.997,0.169,0.503,0.000668,4,0.819,4,187503,-6.581,0.505,0
Prophezeit,"Bonez MC,RAF Camora,",74,0.799,0.248,158.981,0.14,0.268,1.92e-05,5,0.496,10,162291,-5.499,0.261,0
Copacabana,"Leon Machère,Stard Ova,KALUMA,",80,0.849,0.156,97.893,0.24,0.0598,0,4,0.735,2,209407,-5.709,0.623,1
Casanova,"Summer Cem,Bausa,",81,0.588,0.117,143.971,0.0721,0.0971,0,4,0.709,1,206813,-4.461,0.195,1
INTERNATIONAL GANGSTAS,"Farid Bang,Capo,6ix9ine,SCH,",81,0.622,0.099,148.04,0.203,0.0965,0,4,0.74,1,286280,-6.297,0.393,1
Mercedes,"Eno,",80,0.782,0.104,77.511,0.258,0.381,0,4,0.775,6,208000,-6.435,0.802,1
Roadrunner,"Samra,",71,0.733,0.178,103.856,0.457,0.14,0,4,0.68,2,172067,-5.618,0.614,0
"Immer wenn wir uns sehn (""Das schönste Mädchen der Welt"", Soundtrack)","LEA,Cyril,",77,0.779,0.16,169.796,0.26,0.397,0,4,0.582,1,185013,-4.797,0.468,0
Chaya (feat. Trettmann),"Nura,Trettmann,",74,0.569,0.113,100.06,0.0612,0.11,0,4,0.824,9,156080,-5.972,0.239,0
Vagabund,"Bausa,",78,0.557,0.0812,102.94,0.0536,0.224,0.000587,4,0.894,2,153188,-7.655,0.651,1
Blah Blah Blah,"Armin van Buuren,",72,0.963,0.294,103.406,0.0682,0.00882,0.00357,3,0.378,5,183519,-3.911,0.16,0
BlaBla,"Azzi Memo,Nimo,",64,0.788,0.0938,111.975,0.248,0.0366,3.41e-06,4,0.852,6,216717,-6.369,0.524,1
Whenever (feat. Conor Maynard),"Kris Kross Amsterdam,The Boy Next Door,Conor Maynard,",89,0.765,0.231,109.989,0.0621,0.151,0,4,0.734,7,163636,-5.562,0.518,1
Malle,"Eno,XATAR,",70,0.816,0.208,139.564,0.37,0.041,0,4,0.674,7,181347,-6.16,0.727,1
Für Euch alle (feat. Samra & Capital Bra),"Bushido,Samra,Capital Bra,",66,0.588,0.0874,159.975,0.509,0.0627,2.59e-06,4,0.716,11,258400,-6.457,0.368,0
No Es Justo,"J Balvin,Zion & Lennox,",88,0.811,0.0871,87.866,0.0714,0.161,0.000363,4,0.684,7,250840,-4.494,0.721,1
Aerolínea Carrillo,"T3R Elemento,Gerardo Ortiz,",80,0.561,0.198,114.405,0.0318,0.337,0,3,0.669,1,174276,-6.613,0.867,1
Mala Mía,"Maluma,",91,0.752,0.232,180.049,0.345,0.31,0,4,0.749,6,183753,-4.883,0.901,1
Culpables,"Manuel Turizo,",87,0.31,0.198,177.601,0.296,0.94,5.65e-06,4,0.573,3,233930,-11.134,0.764,1
Clandestino,"Shakira,Maluma,",91,0.822,0.349,165.842,0.16,0.39,3.37e-05,4,0.766,1,231921,-4.126,0.881,0
No Me Acuerdo,"Thalía,Natti Natasha,",90,0.799,0.092,94.033,0.0873,0.187,0,4,0.836,7,217653,-4.247,0.772,0
Sin Pijama,"Becky G,Natti Natasha,",93,0.745,0.104,94.014,0.0464,0.354,2.93e-05,4,0.791,11,188560,-3.695,0.82,0
Nunca Es Suficiente,"Los Angeles Azules,Natalia Lafourcade,",63,0.518,0.0891,94.001,0.0406,0.398,0,4,0.789,2,266213,-5.417,0.78,0
Asesina,"Brytiago,Darell,",90,0.663,0.114,94.215,0.27,0.614,0,4,0.845,10,187213,-5.233,0.508,0
Baby Girl (feat. Lalo Ebratt),"Mario Bautista,Lalo Ebratt,",78,0.705,0.202,103.009,0.199,0.0275,0.000138,4,0.804,1,218470,-5.272,0.45,1
Cuando Nadie Ve,"Morat,",85,0.788,0.215,96.005,0.0598,0.118,0,4,0.804,1,219184,-4.586,0.837,0
Epa Wei,"Danny Ocean,",84,0.82,0.091,107.833,0.155,0.233,0,4,0.688,6,208254,-4.715,0.804,0
No Te Contaron Mal,"Christian Nodal,",77,0.57,0.143,163.2,0.0374,0.388,0,4,0.617,9,156947,-3.074,0.632,0
La Player (Bandolera),"Zion & Lennox,",89,0.838,0.0935,93.996,0.0633,0.16,0,4,0.769,2,249609,-5.238,0.602,1
La Mujer Perfecta,"KURT,",78,0.488,0.109,155.11,0.0669,0.242,8.09e-06,4,0.824,9,217907,-9.112,0.878,1
Ahora Te Puedes Marchar,"Luis Miguel,",80,0.877,0.0627,133.263,0.0427,0.148,2.36e-06,4,0.78,6,191973,-3.683,0.909,0
A Través Del Vaso,"Grupo Arranke,",78,0.694,0.347,143.851,0.0297,0.358,1.31e-05,3,0.612,5,188662,-2.979,0.92,1
No Hay Nadie Más,"Sebastian Yatra,",81,0.379,0.106,105.108,0.0339,0.861,0,4,0.695,6,199733,-9.096,0.808,1
Chica Paranormal,"Paulo Londra,",87,0.596,0.0897,139.937,0.0918,0.216,0,4,0.84,6,221214,-4.319,0.71,0
Nena Maldicion (feat. Lenny Tavarez),"Paulo Londra,Lenny Tavárez,",85,0.631,0.146,118.969,0.0544,0.178,0,4,0.762,6,228875,-4.837,0.379,1
Mejor Me Alejo,"Banda Sinaloense MS de Sergio Lizárraga,",69,0.378,0.106,124.084,0.0431,0.206,3.95e-06,4,0.823,0,201960,-6.906,0.54,1
Por Perro,"Sebastian Yatra,Luis Figueroa,Lary Over,",80,0.762,0.0852,172.009,0.0501,0.429,0,4,0.684,0,245440,-5.18,0.892,1
Me Niego,"Reik,Ozuna,Wisin,",89,0.779,0.636,94.023,0.0972,0.0543,0,4,0.777,0,221653,-4.449,0.768,0
Toda - Remix,"Alex Rose,Rauw Alejandro,Cazzu,Lenny Tavárez,Lyanno,",89,0.452,0.0672,80.04,0.124,0.16,0,4,0.512,5,367680,-7.217,0.364,0
Me Rehúso,"Danny Ocean,",85,0.804,0.0494,104.823,0.0677,0.0231,0,4,0.744,1,205715,-6.327,0.426,1
En Peligro de Extinción,"La Adictiva Banda San José de Mesillas,",77,0.483,0.241,123.566,0.0281,0.219,2.33e-06,4,0.709,0,234198,-3.734,0.834,1
Déjala Que Vuelva (feat. Manuel Turizo),"Piso 21,Manuel Turizo,",76,0.788,0.0753,170.019,0.0785,0.0482,0,4,0.681,1,220117,-4.323,0.839,1
"1, 2, 3 (feat. Jason Derulo & De La Ghetto)","Sofia Reyes,Jason Derulo,De La Ghetto,",88,0.895,0.0501,94.968,0.0589,0.165,0,4,0.792,1,201526,-3.112,0.794,0
Culpable O No - Miénteme Como Siempre,"Luis Miguel,",79,0.367,0.0433,70.276,0.0277,0.0367,0,4,0.54,0,237240,-14.238,0.252,1
Culo,"Bizzey,Frenna,KM,Ramiks,",76,0.854,0.322,174.054,0.111,0.119,0.00408,4,0.689,8,196638,-3.602,0.796,1
Verleden Tijd,"Frenna,Lil' Kleine,",84,0.661,0.114,104.884,0.0916,0.131,5.45e-06,4,0.771,10,195469,-6.718,0.183,1
RATATA,"Boef,",75,0.514,0.156,180.059,0.309,0.139,0,4,0.789,7,170812,-7.788,0.29,1
Djadja,"Aya Nakamura,",85,0.698,0.113,97.985,0.244,0.117,0,4,0.832,5,170160,-6.215,0.559,1
Ik Heb Je Nodig,"Kraantje Pappie,Bizzey,Jonna Fraser,",72,0.696,0.15,110.013,0.0642,0.369,0,4,0.758,5,187635,-6.487,0.669,1
SLIDE,"Caza,Famke Louise,",75,0.753,0.132,96.99,0.0504,0.0388,1.03e-06,4,0.747,4,112864,-5.703,0.724,0
Lief Zoals Je Bent,"Maan,",74,0.655,0.0884,77.033,0.0976,0.152,0,4,0.874,2,171546,-4.479,0.646,0
Duurt Te Lang,"Davina Michelle,",66,0.444,0.0905,173.707,0.196,0.127,0,4,0.638,7,153527,-14.221,0.151,1
High On Life (feat. Bonn),"Martin Garrix,Bonn,",90,0.486,0.111,128.038,0.0311,0.0129,0,4,0.414,6,230762,-6.431,0.368,0
lil mama,"Idaly,Josylvio,",75,0.571,0.0407,101.989,0.196,0.0664,0,4,0.904,6,145363,-6.026,0.744,0
wine slow - Remix,"Idaly,Ronnie Flex,Famke Louise,Bizzey,",76,0.733,0.0878,96.015,0.0595,0.306,0.147,4,0.817,5,225175,-6.84,0.801,1
"Miljonair (feat. SBMG, Lil' Kleine, Boef & Ronnie Flex)","$hirak,SBMG,Boef,Lil' Kleine,Ronnie Flex,",78,0.658,0.305,125.186,0.162,0.579,0,4,0.704,7,189514,-5.534,0.715,0
Capuchon,"Frenna,",73,0.696,0.12,70.722,0.354,0.0207,0,3,0.527,6,163794,-6.085,0.531,0
J'ai Déconné,"Latifah,Clandistino,",75,0.746,0.0879,121.917,0.0392,0.262,1.84e-05,4,0.709,6,168219,-6.177,0.623,0
Happy Now,"Zedd,Elley Duhé,",92,0.741,0.0712,88.335,0.047,0.579,1.49e-06,3,0.503,4,207030,-5.128,0.458,1
Stap Voor Stap,"Kav Verhouzer,Sjaak,",74,0.901,0.0865,124.038,0.157,0.00697,9.97e-05,4,0.897,11,163987,-3.733,0.897,0
Killer Instinct,"Josylvio,Appa,Momi,",67,0.795,0.298,159.962,0.329,0.135,0,4,0.818,4,240785,-5.143,0.782,1
Intro,"Josylvio,Moeman,",70,0.628,0.0829,113.53,0.356,0.0589,0,5,0.822,6,181185,-5.823,0.598,1
La Vida Loca,"Jonna Fraser,SBMG,",71,0.702,0.137,104.966,0.271,0.239,0,4,0.857,8,176226,-6.835,0.651,0
Darkside,"Alan Walker,Au/Ra,Tomine Harket,",89,0.642,0.118,170.008,0.0502,0.164,0,4,0.425,4,211867,-5.06,0.112,0
Drama,"Bizzey,Boef,",76,0.751,0.125,99.964,0.0645,0.119,0.0337,4,0.883,4,176550,-4.718,0.726,1
Jackie Chan,"Tiësto,Dzeko,Preme,Post Malone,",94,0.834,0.0586,128.005,0.045,0.374,0,4,0.747,3,215760,-2.867,0.687,0
Liefde In De Lucht,"Kraantje Pappie,Joshua Nolet,",59,0.699,0.106,81.013,0.117,0.138,0,4,0.748,2,213037,-6.457,0.849,1
Ik Zweer Het Je,"Young Ellens,3robi,Esko,",71,0.777,0.0922,120.027,0.168,0.012,0,4,0.969,11,150338,-4.35,0.883,1
Hurt Somebody,"Noah Kahan,Julia Michaels,",63,0.559,0.262,114.983,0.313,0.338,0,4,0.633,6,168640,-5.135,0.473,1
"My Money (feat. Bokoesam, Bizzey & Dopebwoy)","$hirak,Bizzey,Dopebwoy,Bokoesam,",72,0.42,0.356,99.956,0.282,0.0226,7.67e-06,4,0.895,7,180687,-6.669,0.253,1
Hoe Je Bent,"Broederliefde,Frenna,",69,0.85,0.0959,125.95,0.0982,0.153,0.000744,4,0.811,4,196113,-5.939,0.722,1
LIT,"SBMG,Boef,",74,0.772,0.251,100.076,0.363,0.0166,0,4,0.913,7,204410,-8.009,0.681,1
Hey Meisje,"Esko,Josylvio,Hansie,",71,0.808,0.0652,95.087,0.073,0.329,0.0183,4,0.756,1,197290,-2.557,0.889,0
The Ringer,"Eminem,",92,0.551,0.192,118.552,0.291,0.0311,0,4,0.939,1,337941,-9.126,0.42,1
Fall,"Eminem,",90,0.546,0.112,182.973,0.295,0.227,0,4,0.83,1,262494,-5.716,0.535,1
Not Alike (feat. Royce Da 5'9),"Eminem,Royce Da 5'9"",",89,0.756,0.339,140.005,0.32,0.0692,0,4,0.904,10,288087,-3.746,0.342,1
Greatest,"Eminem,",89,0.737,0.341,80.025,0.108,0.0441,0,4,0.809,1,226938,-5.186,0.367,1
Multi Millionaire (feat. Lil Uzi Vert),"Lil Pump,Lil Uzi Vert,",80,0.817,0.169,145.976,0.101,0.0263,0,4,0.854,1,170959,-3.833,0.704,1
TELÉFONO,"Aitana,",84,0.829,0.0698,172.161,0.158,0.102,0.000177,4,0.691,11,163294,-4.627,0.564,0
Mujeres,"Mozart La Para,Justin Quiles,",83,0.767,0.261,99.972,0.0686,0.204,7.93e-05,4,0.835,1,187667,-5.699,0.71,0
Ibiza,"Ozuna,Romeo Santos,",86,0.71,0.108,192.046,0.334,0.254,0,4,0.691,5,200747,-5.144,0.726,1
Ni La Hora,"Ana Guerra,Juan Magán,",81,0.789,0.179,90.054,0.101,0.235,0,4,0.789,0,198407,-2.738,0.958,1
Usted,"Juan Magán,Mala Rodríguez,",83,0.833,0.273,104.879,0.0618,0.0155,0,4,0.712,0,233749,-4.101,0.326,1
Ya No Quiero Ná,"Lola Indigo,",80,0.467,0.0803,129.016,0.173,0.12,7.6e-05,4,0.846,2,192975,-7.178,0.367,1
Lo siento,"Beret,",77,0.407,0.138,79.839,0.0446,0.576,0,4,0.419,11,229939,-9.011,0.309,0
Déjala Que Baile,"Melendi,Alejandro Sanz,Arkano,",79,0.777,0.0796,95.973,0.174,0.356,0,4,0.831,11,219600,-4.456,0.598,0
Qué Tienes Tú,"Dvicio,Jesús Reik,Mau y Ricky,",79,0.836,0.166,91.984,0.0592,0.0811,4.21e-06,4,0.744,2,212348,-3.267,0.524,1
Bien Duro,"C. Tangana,",79,0.67,0.1,101.028,0.207,0.163,0.0242,4,0.845,7,182541,-5.873,0.69,1
Vuelve,"Sebastian Yatra,Beret,",79,0.474,0.135,77.811,0.052,0.559,0,4,0.716,11,224013,-6.714,0.302,1
Tanta Falta,"Bryant Myers,",76,0.728,0.2,89.999,0.0916,0.135,1e-06,4,0.856,7,181093,-3.497,0.797,1
Él no soy yo,"Blas Cantó,",62,0.727,0.115,120.003,0.0324,0.00953,0,4,0.67,1,279240,-7.679,0.405,0
MALAMENTE - Cap.1: Augurio,"ROSALÍA,",78,0.483,0.0737,98.057,0.0881,0.565,0.0137,4,0.895,5,149450,-4.709,0.52,0
Está Rico,"Marc Anthony,Will Smith,Bad Bunny,",82,0.74,0.0992,130.04,0.283,0.266,0,4,0.817,11,215151,-4.566,0.674,0
No Quiero Amarte (feat. Zion & Lennox),"Justin Quiles,Zion,Lennox,",87,0.793,0.0658,89.961,0.0454,0.128,0,4,0.734,6,235315,-4.731,0.511,1
La Cintura,"Alvaro Soler,",75,0.845,0.358,100.015,0.0692,0.0201,0,4,0.706,6,204653,-4.102,0.742,0
Me Dijeron,"Ozuna,",87,0.841,0.291,94.021,0.0524,0.0273,0,4,0.8,5,170133,-2.817,0.798,0
Dracukeo,"Kidd Keo,",74,0.628,0.0843,130.076,0.185,0.279,0,4,0.871,1,156003,-5.596,0.281,1
5 Sentidos,"Dvicio,Taburete,",71,0.735,0.116,175.913,0.0473,0.0961,0,4,0.644,5,209954,-5.499,0.664,1
X - Remix,"Nicky Jam,J Balvin,Maluma,Ozuna,",89,0.696,0.0778,180.113,0.103,0.0561,3.77e-05,4,0.663,9,235747,-4.957,0.738,0
"Azukita (Steve Aoki, Daddy Yankee, Play-N-Skillz & Elvis Crespo)","Steve Aoki,Daddy Yankee,Play-N-Skillz,Elvis Crespo,",82,0.942,0.0581,130.019,0.107,0.00175,0.000461,4,0.715,8,226162,-2.889,0.818,1
Mi Cama - Remix,"Karol G,J Balvin,Nicky Jam,",87,0.784,0.0958,162.958,0.0738,0.299,0,4,0.815,9,196320,-4.423,0.832,1
Hipócrita,"Anuel Aa,Zion,",88,0.858,0.61,92.05,0.0471,0.303,0,4,0.79,2,192000,-2.78,0.79,1
PIENSO EN TU MIRÁ - Cap.3: Celos,"ROSALÍA,",76,0.685,0.0922,164.555,0.0849,0.0931,0.0257,3,0.657,8,193138,-5.735,0.407,1
Don't Cry (feat. XXXTENTACION),"Lil Wayne,XXXTENTACION,",90,0.709,0.183,111.913,0.319,0.409,0,4,0.585,8,249450,-6.072,0.21,1
New Patek,"Lil Uzi Vert,",90,0.785,0.155,145.063,0.345,0.0367,0,4,0.85,8,343099,-4.963,0.718,0
Uproar,"Lil Wayne,",89,0.87,0.299,99.075,0.212,0.0595,0,4,0.743,1,194184,-2.188,0.884,1
Yes Indeed,"Lil Baby,Drake,",91,0.346,0.108,119.958,0.53,0.035,0,4,0.964,5,142273,-9.309,0.562,0
Let It Fly (feat. Travis Scott),"Lil Wayne,Travis Scott,",89,0.819,0.106,89.0,0.317,0.0414,0,4,0.902,1,186872,-3.321,0.746,1
"BIG BANK (feat. 2 Chainz, Big Sean, Nicki Minaj)","YG,2 Chainz,Big Sean,Nicki Minaj,",89,0.346,0.0881,203.911,0.331,0.00552,0,4,0.745,1,237240,-7.709,0.112,1
Fuck Love (feat. Trippie Redd),"XXXTENTACION,Trippie Redd,",91,0.533,0.103,131.036,0.0412,0.0172,0.000152,4,0.797,0,146520,-9.74,0.329,0
All Girls Are The Same,"Juice WRLD,",90,0.529,0.0856,161.989,0.307,0.0769,0.000335,4,0.671,0,165820,-7.226,0.203,1
Lean Wit Me,"Juice WRLD,",89,0.651,0.0896,163.935,0.156,0.0414,0,4,0.665,1,175755,-5.515,0.237,1
changes,"XXXTENTACION,",93,0.308,0.0984,64.934,0.029,0.883,0,4,0.669,11,121887,-10.068,0.52,1
Psycho (feat. Ty Dolla $ign),"Post Malone,Ty Dolla $ign,",92,0.559,0.112,140.124,0.117,0.58,0,4,0.739,8,221440,-8.011,0.439,1
Dedicate,"Lil Wayne,",87,0.662,0.716,117.975,0.309,0.033,0,4,0.879,2,189909,-6.162,0.723,1
Close Friends (Lil Baby & Gunna),"Lil Baby,",80,0.585,0.0789,158.953,0.366,0.044,0,4,0.665,10,203881,-5.077,0.658,0
STARGAZING,"Travis Scott,",92,0.789,0.189,150.007,0.044,0.00947,4.05e-06,4,0.487,8,270715,-3.69,0.0564,1
God's Plan,"Drake,",93,0.449,0.552,77.169,0.109,0.0332,8.29e-05,4,0.754,7,198973,-9.211,0.357,1
No mercy,"Asme,",69,0.363,0.112,147.985,0.165,0.483,0,4,0.894,9,201081,-12.344,0.713,0
Behave,"Benjamin Ingrosso,",72,0.685,0.112,124.982,0.0336,0.677,0,4,0.68,8,200093,-5.819,0.757,0
Diamond Heart,"Alan Walker,Sophia Somajo,",84,0.638,0.631,89.98,0.0438,0.129,0,4,0.499,0,239835,-6.145,0.253,1
Sand,"Molly Sandén,",70,0.3,0.309,114.741,0.0338,0.768,0,4,0.68,10,181280,-8.419,0.393,1
Kär i din kärlek - Recorded at Spotify Studios Stockholm,"Molly Sandén,",71,0.5,0.343,183.964,0.188,0.0564,7.28e-06,4,0.653,10,204080,-9.39,0.593,0
Auf wiedersehen,"Hov1,",72,0.778,0.0824,78.853,0.26,0.3,0,4,0.659,9,173769,-5.125,0.591,1
High With Somebody,"Sandro Cavazza,P3GI-13,",74,0.644,0.152,115.906,0.0813,0.0242,0.000118,4,0.785,5,174666,-7.856,0.789,1
Gäller,"Z.E,Jiggz,Thrife,",72,0.597,0.0869,100.097,0.301,0.442,9.35e-05,4,0.841,8,182400,-11.826,0.693,1
Kevin Gates,"Yasin,",67,0.684,0.0564,126.96,0.185,0.0951,0,4,0.839,1,168132,-5.4,0.516,1
Om du lämnar mig nu,"Norlie & KKV,",67,0.759,0.0597,102.158,0.0375,0.0199,0,4,0.637,7,202353,-5.255,0.373,0
Dom vet de vi,"K27,",65,0.503,0.118,105.0,0.175,0.653,0,4,0.722,10,157738,-9.595,0.704,0
Still - Recorded at Spotify Studios Stockholm,"Hov1,",72,0.765,0.133,101.868,0.0584,0.416,0,4,0.613,1,218153,-5.755,0.452,1
Without You (feat. Sandro Cavazza),"Avicii,Sandro Cavazza,",85,0.863,0.0406,134.004,0.0457,0.0018,0,4,0.653,2,181673,-4.799,0.276,1
Born To Be Yours,"Kygo,Imagine Dragons,",25,0.709,0.0979,114.02,0.0371,0.29,0,4,0.681,3,193320,-5.808,0.456,1
Mer för varandra,"Norlie & KKV,estrad,",73,0.656,0.105,85.993,0.101,0.451,0,4,0.665,6,206000,-7.541,0.542,1
Hon dansar vidare i livet,"Hov1,",69,0.651,0.133,90.054,0.122,0.0267,0,4,0.655,8,248893,-7.063,0.782,1
Positiv,"Z.E,",70,0.539,0.161,95.905,0.405,0.751,0,4,0.774,11,184375,-12.121,0.846,0
I'll Be Fine Somehow,"Benjamin Ingrosso,",67,0.355,0.101,79.992,0.0432,0.786,1.99e-06,4,0.6,6,183907,-10.446,0.412,1
I Wouldn't Know,"Benjamin Ingrosso,",64,0.765,0.267,101.018,0.069,0.176,8.1e-06,4,0.609,5,178493,-7.829,0.515,1
Aqua Aura,"Fricky,",70,0.545,0.0817,143.964,0.0489,0.126,0,4,0.775,6,222000,-8.901,0.509,0
So Good so Fine When You're Messing with My Mind,"Benjamin Ingrosso,",66,0.711,0.0951,113.942,0.0338,0.164,8.86e-06,4,0.723,6,178400,-6.757,0.555,1
Say Love,"James TW,",79,0.457,0.355,84.038,0.0541,0.119,1.15e-06,4,0.753,1,219440,-7.533,0.549,1
True Colors (feat. Maya Avedis),"XO Cupid,Maya Avedis,",68,0.63,0.13,104.845,0.0346,0.0796,0,4,0.636,0,184020,-6.396,0.454,1
Kung 'Di Rin Lang Ikaw,"December Avenue,Moira Dela Torre,",80,0.482,0.187,133.894,0.0288,0.161,0,4,0.502,4,267759,-4.736,0.132,1
Malibu Nights,"LANY,",78,0.422,0.0853,74.002,0.195,0.701,1.99e-06,4,0.559,11,286928,-11.89,0.191,1
Thru These Tears,"LANY,",72,0.517,0.149,119.945,0.0391,0.154,0,4,0.711,11,204516,-7.695,0.294,1
Kathang Isip,"Ben&Ben,",79,0.314,0.152,126.921,0.0301,0.776,4.76e-06,4,0.491,10,318814,-8.58,0.295,1
Sa Ngalan Ng Pag-Ibig,"December Avenue,",78,0.761,0.148,155.981,0.0302,0.0846,0,4,0.518,7,285138,-3.905,0.282,1
I Don't Wanna Love You Anymore,"LANY,",72,0.623,0.0858,104.974,0.0417,0.322,0,4,0.702,0,201198,-8.36,0.503,1
Sana,"I Belong to the Zoo,",76,0.373,0.226,126.887,0.029,0.701,0,4,0.66,7,277099,-7.874,0.348,1
Thick And Thin,"LANY,",73,0.551,0.0762,99.996,0.0282,0.059,0,4,0.697,5,212002,-6.179,0.339,0
Mundo,"IV Of Spades,",77,0.401,0.0735,140.031,0.0376,0.176,8.66e-06,4,0.705,6,349713,-8.9,0.481,1
If You See Her,"LANY,",73,0.679,0.0954,117.867,0.0861,0.0375,0,4,0.635,1,182901,-7.374,0.239,1
'Di Na Muli,"Janine Teñoso,",76,0.561,0.0914,88.69,0.0517,0.192,0,4,0.413,1,207019,-3.092,0.352,1
2002,"Anne-Marie,",86,0.683,0.137,96.133,0.117,0.0372,0,4,0.697,1,186987,-2.881,0.603,0
Akala,"Marion,",73,0.185,0.105,125.044,0.0635,0.864,0,4,0.502,10,341168,-11.423,0.185,1
"Kahit Maputi Na Ang Buhok ko - From ""The Hows Of Us""","Moira Dela Torre,",73,0.273,0.207,200.777,0.0312,0.535,0,4,0.264,7,219690,-8.651,0.315,1
IDGAF,"Dua Lipa,",89,0.544,0.0824,97.028,0.0943,0.0403,0,4,0.836,7,217947,-5.975,0.51,1
Ex,"Callalily,",73,0.381,0.086,157.332,0.0373,0.586,0,4,0.499,7,279259,-7.855,0.57,1
8 Letters,"Why Don't We,",86,0.478,0.0928,88.979,0.031,0.649,0,4,0.607,1,190027,-5.702,0.255,0
Taking Me Back,"LANY,",72,0.57,0.106,94.061,0.0419,0.04,0,4,0.689,5,194811,-6.728,0.524,0
Tagpuan,"Moira Dela Torre,",74,0.121,0.0788,135.268,0.0345,0.862,0,4,0.566,8,260240,-8.206,0.293,1
Let Me Know,"LANY,",72,0.391,0.127,94.971,0.0825,0.264,2.98e-06,4,0.696,11,276197,-8.306,0.65,0
Valentine's Day,"LANY,",72,0.498,0.104,148.055,0.0335,0.13,0,4,0.545,8,217949,-8.764,0.063,1
Run,"LANY,",72,0.382,0.102,109.977,0.0694,0.123,0,4,0.705,8,228192,-9.819,0.453,0
You Are The Reason,"Calum Scott,",84,0.235,0.137,171.232,0.0299,0.918,0,3,0.331,10,204326,-7.7,0.218,1
Midnight Sky,"UNIQUE,",67,0.149,0.109,120.322,0.0409,0.904,3.77e-05,5,0.495,5,244427,-8.379,0.179,1
Weak,"Khel Pangilinan,",69,0.373,0.156,127.064,0.0618,0.179,0,4,0.71,5,211200,-10.611,0.141,0
The Middle,"Zedd,Maren Morris,Grey,",90,0.657,0.112,107.01,0.0449,0.171,0,4,0.753,7,184732,-3.061,0.437,1
There's No Way (feat. Julia Michaels),"Lauv,Julia Michaels,",86,0.625,0.157,147.02,0.0896,0.49,0,4,0.755,2,174861,-7.114,0.374,1
Tadhana,"Up Dharma Down,",72,0.322,0.0809,155.982,0.0369,0.165,0.0296,4,0.686,6,222447,-13.2,0.511,1
Bulong,"December Avenue,",71,0.728,0.0782,134.877,0.0313,0.0319,0,4,0.5,9,270233,-5.472,0.351,0
Bakit Ba Ikaw,"Michael Pangilinan,",71,0.48,0.112,119.903,0.0284,0.549,0,4,0.668,10,245587,-5.469,0.277,1
Say You Won't Let Go,"James Arthur,",85,0.557,0.0902,85.043,0.059,0.695,0,4,0.358,10,211467,-7.398,0.494,1
BAAM,"MOMOLAND,",79,0.94,0.0864,127.051,0.0435,0.115,0.00431,4,0.725,5,208475,-2.32,0.905,0
Oks Lang,"John Roa,",71,0.237,0.0961,80.13,0.0451,0.855,0.000386,4,0.313,9,336369,-14.538,0.165,1
Leaves,"Ben&Ben,",70,0.16,0.0891,118.313,0.0372,0.913,0,3,0.447,6,310709,-10.896,0.205,1
Torna a casa,"Måneskin,",78,0.642,0.131,155.984,0.0651,0.443,0,4,0.568,1,230540,-3.189,0.46,0
Fumo Da Solo,"Izi,",76,0.605,0.108,140.091,0.0544,0.0626,0,4,0.724,7,221571,-8.14,0.52,0
Cambiare Adesso,"Dark Polo Gang,",79,0.777,0.197,79.999,0.0587,0.279,1.47e-06,4,0.666,5,228975,-3.143,0.588,0
90MIN,"Salmo,",80,0.675,0.842,122.224,0.301,0.035,0,4,0.715,1,231907,-7.657,0.535,1
Fuoco e benzina,"Emis Killa,",73,0.711,0.0986,79.92,0.112,0.0497,0,4,0.682,5,209180,-5.781,0.515,1
Trap Phone (feat. Capo Plaza),"Gue Pequeno,Capo Plaza,",73,0.664,0.296,118.032,0.0591,0.11,0,4,0.749,1,200533,-5.414,0.248,0
Borsello (feat. Sfera Ebbasta & DrefGold),"Gue Pequeno,Sfera Ebbasta,DrefGold,",78,0.584,0.208,154.028,0.226,0.36,0,4,0.77,2,202827,-7.453,0.625,0
D'estate non vale (feat. Ana Mena),"Fred De Palma,Ana Mena,",80,0.748,0.0789,179.919,0.142,0.0852,0,4,0.658,11,157176,-5.802,0.69,0
Pablo,"Rvssian,Sfera Ebbasta,",79,0.663,0.115,140.016,0.0433,0.071,0,4,0.813,6,165942,-7.84,0.343,0
Rollercoaster,"Emis Killa,",78,0.862,0.06,104.056,0.162,0.0659,0.000235,4,0.766,11,207692,-4.191,0.779,1
2% (feat. Frah Quintale),"Gue Pequeno,Frah Quintale,",76,0.602,0.151,82.043,0.428,0.237,0,4,0.754,10,211840,-6.785,0.587,0
Davide (feat. Coez),"Gemitaiz,Coez,",77,0.63,0.207,126.006,0.0763,0.136,4.86e-06,4,0.797,5,206212,-7.601,0.761,1
Cascare nei tuoi occhi,"Ultimo,",73,0.46,0.0896,67.983,0.104,0.541,0,4,0.732,0,226160,-8.629,0.405,1
Balla,"Zoda,",76,0.844,0.104,79.934,0.106,0.436,0,4,0.451,3,200777,-4.95,0.481,0
Nera,"Irama,",79,0.819,0.165,133.997,0.105,0.136,0,4,0.767,0,174147,-5.114,0.799,1
Tesla (feat. Sfera Ebbasta & DrefGold),"Capo Plaza,Sfera Ebbasta,DrefGold,",78,0.626,0.0961,140.05,0.0618,0.316,0,4,0.854,11,185147,-5.14,0.377,1
Guarda Come Flexo 2,"MamboLosco,",75,0.528,0.0617,140.05,0.0657,0.061,4.52e-05,4,0.843,1,178645,-8.722,0.459,1
Vertigini,"Tedua,Chris Nolan,",73,0.774,0.131,133.722,0.164,0.164,0,4,0.579,5,203040,-6.34,0.476,0
Splash,"Dark Polo Gang,",74,0.772,0.139,125.053,0.104,0.0263,0,4,0.709,1,181624,-4.248,0.422,1
Fotografia (feat. Francesca Michielin & Fabri Fibra),"Carl Brave,Francesca Michielin,Fabri Fibra,",77,0.539,0.0959,167.125,0.169,0.0438,0,4,0.707,0,221413,-5.321,0.423,0
La stessa,"Alessandra Amoroso,",57,0.731,0.129,101.163,0.102,0.478,0,4,0.485,4,226213,-3.403,0.409,1
Modalità Aereo (feat. Luchè & Marracash),"Gue Pequeno,Luche,Marracash,",75,0.676,0.174,147.892,0.0789,0.182,5.16e-06,4,0.737,6,190480,-5.018,0.656,1
Amore e Capoeira,"Takagi & Ketra,Giusy Ferreri,Sean Kingston,",80,0.697,0.044,118.083,0.142,0.122,0,4,0.827,11,172455,-4.368,0.836,0
Poesia senza veli,"Ultimo,",75,0.519,0.222,81.991,0.125,0.752,0,4,0.739,8,218167,-7.461,0.255,0
New York,"Thegiornalisti,",65,0.722,0.0662,151.936,0.0492,0.0679,0,4,0.573,7,219573,-4.853,0.495,1
"Bella Giornata (prod. Dogslife, Mago del blocco)","OG Eastbull,Dogslife,Mago del Blocco,",74,0.68,0.117,132.013,0.332,0.627,4.44e-06,4,0.744,7,181368,-4.98,0.801,1
Da zero a cento,"Baby K,",78,0.641,0.145,184.088,0.0655,0.0231,0,4,0.605,3,206195,-6.119,0.781,0
Felicità puttana,"Thegiornalisti,",62,0.856,0.305,93.975,0.127,0.00763,1.89e-05,4,0.692,0,219807,-4.816,0.686,1
Moscow Mule,"Benji & Fede,",76,0.726,0.131,108.507,0.184,0.464,0,4,0.497,7,181194,-5.03,0.867,0
Toy Boy,"Dark Polo Gang,",72,0.833,0.143,134.975,0.0414,0.0894,1.36e-05,4,0.737,9,200699,-4.025,0.4,1
Morirò da re,"Måneskin,",74,0.879,0.0362,193.998,0.153,0.122,0,4,0.617,10,157758,-2.597,0.926,1
Uno squillo,"Capo Plaza,",74,0.724,0.0736,98.97,0.397,0.0586,0,4,0.801,1,208813,-5.038,0.679,0
Porto Cervo,"Lazza,",74,0.666,0.0885,100.006,0.104,0.2,0,4,0.855,10,235425,-4.581,0.758,0
Tutto tua madre,"J-AX,",71,0.741,0.343,128.219,0.0678,0.128,0,4,0.582,0,226000,-6.264,0.226,1
Mwaka Moon - Remix,"Kalash,Sfera Ebbasta,",75,0.556,0.107,155.07,0.0739,0.0942,1.42e-05,4,0.768,1,237179,-7.146,0.24,0
Ne è valsa la pena (feat. Ghali),"Capo Plaza,Ghali,",75,0.654,0.231,120.388,0.218,0.115,0,5,0.593,5,234600,-4.509,0.405,0
Solo Te E Me (feat. Giulia Jean),"GionnyScandal,Giulia Jean,",72,0.669,0.0849,159.79,0.0501,0.0968,0,4,0.484,4,204187,-5.77,0.273,0
Peace & Love,"Charlie Charles,Sfera Ebbasta,Ghali,",74,0.785,0.309,152.962,0.0615,0.14,0,4,0.68,8,182745,-5.313,0.319,1
Nero Bali,"Elodie,Michele Bravi,Gue Pequeno,",76,0.836,0.286,116.045,0.0362,0.017,0,4,0.638,6,183773,-5.756,0.629,0
Pianeti,"Ultimo,",72,0.488,0.372,80.112,0.196,0.281,0,4,0.55,8,224000,-9.425,0.108,1
